station,feature,rmse,changepoint_prior_scale,changepoint_range,seasonality_mode,mean_value
가로림연안1_연안,투명도[m],0.328111563,0.5,0.9,multiplicative,1.454475939
가로림연안1_연안,화학적산소요구량[mg/L],0.337636799,0.7,0.8,additive,1.619916639
가로림연안1_연안,염분[psu],1.154504701,0.3,0.9,multiplicative,31.67580846
가로림연안1_연안,클로로필-a[μg/L],0.507655783,0.7,0.8,multiplicative,1.722802917
가로림연안1_연안,총인[μg/L],0.271336654,0.3,0.9,multiplicative,34.84071319
가로림연안1_연안,수온[℃],0.914941285,0.7,0.9,additive,14.30640298
가로림연안1_연안,총질소[μg/L],0.415999007,0.5,0.9,multiplicative,287.5412587
가로림연안1_연안,용존산소[mg/L],0.474272469,0.7,0.8,multiplicative,8.902939116
가로림연안2_연안,투명도[m],0.324169323,0.7,0.8,multiplicative,1.335006901
가로림연안2_연안,화학적산소요구량[mg/L],0.420307469,0.3,0.9,multiplicative,1.539573128
가로림연안2_연안,염분[psu],1.465347579,0.3,0.8,multiplicative,31.51069288
가로림연안2_연안,클로로필-a[μg/L],1.007762282,0.7,0.9,additive,1.838198967
가로림연안2_연안,총인[μg/L],0.392318244,0.7,0.8,multiplicative,31.10733645
가로림연안2_연안,수온[℃],0.706685364,0.7,0.8,additive,13.45066547
가로림연안2_연안,총질소[μg/L],0.604632148,0.3,0.9,multiplicative,261.0848187
가로림연안2_연안,용존산소[mg/L],0.613299101,0.7,0.8,multiplicative,9.039099285
가로림연안3_연안,투명도[m],0.725277587,0.3,0.9,additive,2.503294867
가로림연안3_연안,화학적산소요구량[mg/L],0.370851535,0.7,0.9,additive,1.664450433
가로림연안3_연안,염분[psu],1.031257713,0.3,0.8,multiplicative,31.49377889
가로림연안3_연안,클로로필-a[μg/L],0.500049196,0.5,0.9,additive,1.634393292
가로림연안3_연안,총인[μg/L],0.226308359,0.7,0.9,multiplicative,39.10355753
가로림연안3_연안,수온[℃],0.714537364,0.3,0.9,additive,13.38279852
가로림연안3_연안,총질소[μg/L],0.472689628,0.3,0.9,multiplicative,292.3638029
가로림연안3_연안,용존산소[mg/L],0.544250181,0.5,0.8,multiplicative,9.074778576
가막만1_환경관리,투명도[m],0.899752347,0.3,0.9,additive,2.670695514
가막만1_환경관리,화학적산소요구량[mg/L],1.960348628,0.7,0.8,additive,1.622489481
가막만1_환경관리,염분[psu],1.697395139,0.7,0.8,multiplicative,32.38843694
가막만1_환경관리,클로로필-a[μg/L],3.918071232,0.7,0.8,multiplicative,3.635608922
가막만1_환경관리,총인[μg/L],0.400238565,0.5,0.8,multiplicative,33.39556256
가막만1_환경관리,수온[℃],1.117213608,0.7,0.9,multiplicative,16.66556075
가막만1_환경관리,총질소[μg/L],0.298437658,0.7,0.9,multiplicative,298.6504218
가막만1_환경관리,용존산소[mg/L],0.369420495,0.7,0.9,multiplicative,8.030451044
가막만2_환경관리,투명도[m],0.595614517,0.7,0.8,additive,2.79979159
가막만2_환경관리,화학적산소요구량[mg/L],3.227866393,0.7,0.8,multiplicative,1.147387046
가막만2_환경관리,염분[psu],1.589451932,0.7,0.9,additive,33.66248161
가막만2_환경관리,클로로필-a[μg/L],1.993704818,0.7,0.8,additive,0.946114832
가막만2_환경관리,총인[μg/L],0.533525141,0.5,0.8,multiplicative,22.25588499
가막만2_환경관리,수온[℃],1.125898311,0.7,0.9,multiplicative,16.57506813
가막만2_환경관리,총질소[μg/L],0.304145903,0.7,0.9,multiplicative,198.2768176
가막만2_환경관리,용존산소[mg/L],0.986314715,0.3,0.9,additive,8.426521125
가막만3_환경관리,투명도[m],1.052288587,0.5,0.8,additive,2.361203372
가막만3_환경관리,화학적산소요구량[mg/L],1.951583956,0.3,0.9,multiplicative,0.351418037
가막만3_환경관리,염분[psu],1.693351393,0.7,0.8,additive,33.88645175
가막만3_환경관리,클로로필-a[μg/L],1.738853907,0.3,0.9,multiplicative,1.04898671
가막만3_환경관리,총인[μg/L],0.292730954,0.7,0.8,multiplicative,28.60211223
가막만3_환경관리,수온[℃],1.103024591,0.3,0.9,additive,17.23509056
가막만3_환경관리,총질소[μg/L],0.34431009,0.7,0.9,multiplicative,215.173331
가막만3_환경관리,용존산소[mg/L],0.640452969,0.3,0.9,additive,7.676987498
감포연안1_연안,투명도[m],0.763820559,0.5,0.8,additive,6.714852863
감포연안1_연안,화학적산소요구량[mg/L],0.866534893,0.7,0.9,additive,1.303757181
감포연안1_연안,염분[psu],1.577973831,0.5,0.9,additive,34.65474378
감포연안1_연안,클로로필-a[μg/L],0.686206991,0.3,0.8,multiplicative,1.159029653
감포연안1_연안,총인[μg/L],0.613710038,0.3,0.9,multiplicative,15.66657073
감포연안1_연안,수온[℃],0.702685339,0.7,0.9,multiplicative,16.59577026
감포연안1_연안,총질소[μg/L],0.728665628,0.3,0.9,multiplicative,201.5626754
감포연안1_연안,용존산소[mg/L],0.979434823,0.3,0.8,multiplicative,8.157138262
감포연안2_연안,투명도[m],1.186606773,0.3,0.9,additive,8.094399729
감포연안2_연안,화학적산소요구량[mg/L],0.702179137,0.3,0.9,additive,1.274751477
감포연안2_연안,염분[psu],1.220226301,0.3,0.9,additive,33.55742141
감포연안2_연안,클로로필-a[μg/L],1.007707588,0.3,0.8,multiplicative,1.256003517
감포연안2_연안,총인[μg/L],0.915998252,0.7,0.8,additive,13.50550391
감포연안2_연안,수온[℃],0.601418953,0.3,0.8,additive,17.77296531
감포연안2_연안,총질소[μg/L],0.856207383,0.7,0.9,multiplicative,169.5330289
감포연안2_연안,용존산소[mg/L],1.000773119,0.3,0.9,multiplicative,8.409905116
강구연안1_연안,투명도[m],0.762629433,0.5,0.8,additive,8.375338105
강구연안1_연안,화학적산소요구량[mg/L],0.314224855,0.5,0.8,additive,1.416044502
강구연안1_연안,염분[psu],0.713816483,0.3,0.9,additive,33.51186088
강구연안1_연안,클로로필-a[μg/L],0.523836963,0.7,0.8,multiplicative,1.409513716
강구연안1_연안,총인[μg/L],0.610935126,0.7,0.9,multiplicative,14.67999887
강구연안1_연안,수온[℃],0.722132736,0.7,0.8,additive,16.80572422
강구연안1_연안,총질소[μg/L],0.597402649,0.7,0.9,multiplicative,150.6939969
강구연안1_연안,용존산소[mg/L],0.721364157,0.5,0.8,multiplicative,8.594101461
강릉연안1_연안,투명도[m],0.846667971,0.3,0.9,additive,10.44118042
강릉연안1_연안,화학적산소요구량[mg/L],0.683160741,0.3,0.8,additive,0.941760592
강릉연안1_연안,염분[psu],0.836774371,0.3,0.9,multiplicative,33.56603613
강릉연안1_연안,클로로필-a[μg/L],2.453069847,0.7,0.9,additive,0.442235659
강릉연안1_연안,총인[μg/L],0.470523737,0.7,0.8,multiplicative,17.27179945
강릉연안1_연안,수온[℃],0.507778961,0.7,0.9,additive,16.97699448
강릉연안1_연안,총질소[μg/L],0.942113699,0.5,0.9,additive,130.2424276
강릉연안1_연안,용존산소[mg/L],0.664903363,0.7,0.8,multiplicative,8.761271033
강릉연안2_연안,투명도[m],1.040318693,0.7,0.9,multiplicative,9.846724859
강릉연안2_연안,화학적산소요구량[mg/L],0.799087218,0.7,0.8,additive,0.950113693
강릉연안2_연안,염분[psu],0.935202654,0.3,0.9,multiplicative,33.75485544
강릉연안2_연안,클로로필-a[μg/L],2.777890413,0.5,0.8,multiplicative,0.505170967
강릉연안2_연안,총인[μg/L],0.514975309,0.3,0.8,multiplicative,15.62845927
강릉연안2_연안,수온[℃],0.542505109,0.7,0.9,additive,16.88996179
강릉연안2_연안,총질소[μg/L],0.867401144,0.7,0.8,additive,128.6189243
강릉연안2_연안,용존산소[mg/L],0.565396972,0.3,0.8,multiplicative,8.785593019
강릉연안3_연안,투명도[m],1.260752561,0.3,0.9,additive,10.89145496
강릉연안3_연안,화학적산소요구량[mg/L],0.510911734,0.7,0.9,additive,0.964574664
강릉연안3_연안,염분[psu],1.360453421,0.7,0.9,multiplicative,33.77460861
강릉연안3_연안,클로로필-a[μg/L],2.853852647,0.7,0.8,additive,0.391741965
강릉연안3_연안,총인[μg/L],0.440773279,0.3,0.8,multiplicative,16.32068516
강릉연안3_연안,수온[℃],0.49574772,0.7,0.9,additive,17.25351628
강릉연안3_연안,총질소[μg/L],0.69467763,0.7,0.9,multiplicative,136.0741293
강릉연안3_연안,용존산소[mg/L],0.518112592,0.7,0.8,multiplicative,8.773399969
강릉연안4_연안,투명도[m],1.276090879,0.7,0.9,additive,10.4141262
강릉연안4_연안,화학적산소요구량[mg/L],0.896084449,0.7,0.9,additive,1.088723507
강릉연안4_연안,염분[psu],1.957398756,0.7,0.9,additive,33.690654
강릉연안4_연안,클로로필-a[μg/L],3.288979708,0.5,0.8,multiplicative,0.701270834
강릉연안4_연안,총인[μg/L],0.259102391,0.7,0.8,multiplicative,15.6242442
강릉연안4_연안,수온[℃],0.405504074,0.7,0.9,additive,17.71514297
강릉연안4_연안,총질소[μg/L],0.912662977,0.7,0.9,multiplicative,150.6779517
강릉연안4_연안,용존산소[mg/L],0.517461488,0.7,0.8,multiplicative,8.760262441
강릉연안5_연안,투명도[m],0.877941983,0.5,0.9,multiplicative,11.07028905
강릉연안5_연안,화학적산소요구량[mg/L],0.37390839,0.5,0.8,multiplicative,1.187573336
강릉연안5_연안,염분[psu],2.991738108,0.3,0.9,multiplicative,33.68652934
강릉연안5_연안,클로로필-a[μg/L],2.797395743,0.5,0.8,additive,0.334321781
강릉연안5_연안,총인[μg/L],0.447771032,0.3,0.8,multiplicative,16.01582922
강릉연안5_연안,수온[℃],0.485982318,0.7,0.9,additive,16.29114628
강릉연안5_연안,총질소[μg/L],0.736768549,0.3,0.9,multiplicative,165.5906136
강릉연안5_연안,용존산소[mg/L],0.367058743,0.7,0.8,multiplicative,8.720752899
거제도남안1_연안,투명도[m],0.212415903,0.7,0.9,additive,5.482317785
거제도남안1_연안,화학적산소요구량[mg/L],0.567475626,0.7,0.8,multiplicative,1.511615331
거제도남안1_연안,염분[psu],2.152234973,0.7,0.9,additive,33.27670427
거제도남안1_연안,클로로필-a[μg/L],0.778070487,0.3,0.9,multiplicative,5.317501612
거제도남안1_연안,총인[μg/L],0.405737388,0.3,0.8,multiplicative,22.10029723
거제도남안1_연안,수온[℃],0.911015728,0.7,0.9,multiplicative,17.10559956
거제도남안1_연안,총질소[μg/L],0.417893622,0.5,0.8,multiplicative,211.0613293
거제도남안1_연안,용존산소[mg/L],0.35649353,0.3,0.8,additive,8.611174354
거제도남안2_연안,투명도[m],0.705527966,0.3,0.9,multiplicative,4.102799023
거제도남안2_연안,화학적산소요구량[mg/L],0.73460945,0.3,0.8,multiplicative,1.683112544
거제도남안2_연안,염분[psu],0.931103611,0.3,0.8,multiplicative,33.22436916
거제도남안2_연안,클로로필-a[μg/L],0.954414379,0.3,0.8,additive,2.023277073
거제도남안2_연안,총인[μg/L],0.398440886,0.7,0.9,multiplicative,25.00174034
거제도남안2_연안,수온[℃],0.804865391,0.7,0.9,multiplicative,16.75910831
거제도남안2_연안,총질소[μg/L],0.711317217,0.7,0.9,multiplicative,189.0530018
거제도남안2_연안,용존산소[mg/L],0.567696533,0.7,0.9,multiplicative,8.618557196
거제도남안3_연안,투명도[m],0.572211053,0.3,0.9,multiplicative,4.5342125
거제도남안3_연안,화학적산소요구량[mg/L],0.336696909,0.3,0.9,multiplicative,0.918077379
거제도남안3_연안,염분[psu],0.668981529,0.5,0.8,multiplicative,33.79884031
거제도남안3_연안,클로로필-a[μg/L],1.698335093,0.5,0.8,multiplicative,1.998895315
거제도남안3_연안,총인[μg/L],0.605842626,0.7,0.8,additive,19.96933769
거제도남안3_연안,수온[℃],0.6370123,0.7,0.8,multiplicative,16.57600428
거제도남안3_연안,총질소[μg/L],0.378902132,0.7,0.9,multiplicative,249.0427268
거제도남안3_연안,용존산소[mg/L],0.55647591,0.7,0.9,multiplicative,8.226188008
거제도남안4_연안,투명도[m],0.741958839,0.3,0.9,multiplicative,5.587629141
거제도남안4_연안,화학적산소요구량[mg/L],0.571595027,0.7,0.9,multiplicative,1.301817956
거제도남안4_연안,염분[psu],0.607977901,0.5,0.8,multiplicative,33.87855874
거제도남안4_연안,클로로필-a[μg/L],1.069328514,0.3,0.8,additive,0.897534344
거제도남안4_연안,총인[μg/L],0.25725028,0.3,0.8,multiplicative,18.63999155
거제도남안4_연안,수온[℃],0.624350864,0.7,0.8,multiplicative,16.63872837
거제도남안4_연안,총질소[μg/L],0.711749957,0.7,0.9,multiplicative,153.7171229
거제도남안4_연안,용존산소[mg/L],0.618574195,0.3,0.9,additive,8.332672654
거제도동안1_연안,투명도[m],0.336256371,0.7,0.9,additive,5.249073021
거제도동안1_연안,화학적산소요구량[mg/L],0.634384361,0.5,0.8,additive,1.193238087
거제도동안1_연안,염분[psu],1.130480733,0.7,0.9,multiplicative,32.98278987
거제도동안1_연안,클로로필-a[μg/L],0.507584489,0.3,0.9,multiplicative,2.103489896
거제도동안1_연안,총인[μg/L],0.431086521,0.7,0.8,multiplicative,22.7681773
거제도동안1_연안,수온[℃],0.723433823,0.7,0.9,multiplicative,16.61309202
거제도동안1_연안,총질소[μg/L],0.67955855,0.3,0.8,multiplicative,184.1975396
거제도동안1_연안,용존산소[mg/L],1.007202975,0.5,0.8,additive,8.614439622
거제도동안2_연안,투명도[m],0.427736039,0.5,0.9,multiplicative,4.516309391
거제도동안2_연안,화학적산소요구량[mg/L],0.378536183,0.3,0.8,multiplicative,1.084346331
거제도동안2_연안,염분[psu],0.578639489,0.7,0.8,multiplicative,33.94447981
거제도동안2_연안,클로로필-a[μg/L],1.006885448,0.7,0.9,multiplicative,1.372967942
거제도동안2_연안,총인[μg/L],0.405690511,0.7,0.9,additive,15.76889015
거제도동안2_연안,수온[℃],0.804023373,0.3,0.8,additive,19.17746819
거제도동안2_연안,총질소[μg/L],0.493159991,0.5,0.9,multiplicative,193.7064164
거제도동안2_연안,용존산소[mg/L],0.672827276,0.3,0.9,multiplicative,8.99294393
거제도동안3_연안,투명도[m],0.426361843,0.7,0.9,multiplicative,4.479489032
거제도동안3_연안,화학적산소요구량[mg/L],1.649440562,0.5,0.8,multiplicative,0.999744356
거제도동안3_연안,염분[psu],0.532577173,0.5,0.8,multiplicative,33.59939738
거제도동안3_연안,클로로필-a[μg/L],1.046203239,0.5,0.8,multiplicative,1.459149532
거제도동안3_연안,총인[μg/L],0.214447617,0.3,0.9,multiplicative,19.61298103
거제도동안3_연안,수온[℃],0.4401587,0.3,0.8,additive,20.12739759
거제도동안3_연안,총질소[μg/L],0.769838113,0.7,0.9,multiplicative,193.882528
거제도동안3_연안,용존산소[mg/L],0.959889038,0.3,0.8,additive,7.83162719
거제도동안4_연안,투명도[m],1.487610757,0.7,0.8,multiplicative,5.886228466
거제도동안4_연안,화학적산소요구량[mg/L],0.373689123,0.7,0.8,multiplicative,1.197778718
거제도동안4_연안,염분[psu],1.912507299,0.3,0.9,multiplicative,32.8928708
거제도동안4_연안,클로로필-a[μg/L],0.545558936,0.3,0.8,additive,2.289314453
거제도동안4_연안,총인[μg/L],0.535150032,0.7,0.8,additive,16.07168073
거제도동안4_연안,수온[℃],0.709635834,0.7,0.8,additive,19.25875433
거제도동안4_연안,총질소[μg/L],0.700642506,0.7,0.9,multiplicative,170.6169042
거제도동안4_연안,용존산소[mg/L],0.582368276,0.3,0.9,multiplicative,9.451089472
고성자란만1_연안,투명도[m],0.314545171,0.3,0.9,multiplicative,2.684082652
고성자란만1_연안,화학적산소요구량[mg/L],0.934725946,0.5,0.9,multiplicative,1.43456411
고성자란만1_연안,염분[psu],2.162658556,0.7,0.8,additive,33.1281921
고성자란만1_연안,클로로필-a[μg/L],0.967385834,0.5,0.8,additive,1.124700285
고성자란만1_연안,총인[μg/L],0.24298995,0.7,0.8,multiplicative,33.37527594
고성자란만1_연안,수온[℃],0.72962885,0.7,0.9,multiplicative,17.01043661
고성자란만1_연안,총질소[μg/L],0.664091178,0.7,0.8,multiplicative,176.1254016
고성자란만1_연안,용존산소[mg/L],0.410314183,0.3,0.9,multiplicative,7.996778
고성자란만2_연안,투명도[m],0.926024027,0.7,0.8,additive,5.508488627
고성자란만2_연안,화학적산소요구량[mg/L],0.7602939,0.7,0.9,additive,1.349794502
고성자란만2_연안,염분[psu],1.426343468,0.5,0.9,additive,33.64230512
고성자란만2_연안,클로로필-a[μg/L],0.430902007,0.3,0.9,multiplicative,0.609835257
고성자란만2_연안,총인[μg/L],0.317085937,0.3,0.8,multiplicative,25.20560704
고성자란만2_연안,수온[℃],0.767717228,0.7,0.9,multiplicative,17.31653578
고성자란만2_연안,총질소[μg/L],0.48361572,0.3,0.8,multiplicative,255.5567239
고성자란만2_연안,용존산소[mg/L],0.247560785,0.7,0.8,multiplicative,8.463819731
고성자란만3_연안,투명도[m],0.55918095,0.3,0.9,multiplicative,4.502842318
고성자란만3_연안,화학적산소요구량[mg/L],0.732835193,0.7,0.9,multiplicative,0.634026198
고성자란만3_연안,염분[psu],1.262212901,0.7,0.8,additive,33.13510044
고성자란만3_연안,클로로필-a[μg/L],0.283678644,0.3,0.8,multiplicative,1.531382542
고성자란만3_연안,총인[μg/L],0.260227049,0.7,0.9,multiplicative,18.94422711
고성자란만3_연안,수온[℃],1.058563249,0.7,0.9,multiplicative,17.08278795
고성자란만3_연안,총질소[μg/L],0.401237826,0.5,0.9,multiplicative,162.7055512
고성자란만3_연안,용존산소[mg/L],0.37358618,0.7,0.8,multiplicative,8.258321448
고창연안1_연안,투명도[m],1.607861335,0.7,0.9,multiplicative,1.026126745
고창연안1_연안,화학적산소요구량[mg/L],0.534271774,0.7,0.9,additive,2.15190323
고창연안1_연안,염분[psu],1.277642522,0.7,0.8,multiplicative,31.22792418
고창연안1_연안,클로로필-a[μg/L],1.156061162,0.7,0.9,multiplicative,8.954436687
고창연안1_연안,총인[μg/L],0.454908008,0.7,0.8,multiplicative,45.75171311
고창연안1_연안,수온[℃],0.921224243,0.3,0.8,additive,15.68950303
고창연안1_연안,총질소[μg/L],0.458847849,0.7,0.9,multiplicative,343.0583044
고창연안1_연안,용존산소[mg/L],0.808616826,0.7,0.8,additive,9.3250869
고창연안2_연안,투명도[m],1.125690941,0.7,0.8,additive,0.992568154
고창연안2_연안,화학적산소요구량[mg/L],1.709311863,0.7,0.8,additive,2.047575084
고창연안2_연안,염분[psu],1.847402788,0.3,0.9,additive,31.64636055
고창연안2_연안,클로로필-a[μg/L],1.368643398,0.3,0.9,additive,5.100449365
고창연안2_연안,총인[μg/L],0.654354745,0.3,0.9,additive,37.3643098
고창연안2_연안,수온[℃],0.734561684,0.3,0.8,additive,16.15168244
고창연안2_연안,총질소[μg/L],0.436987067,0.3,0.9,multiplicative,364.338304
고창연안2_연안,용존산소[mg/L],0.58415763,0.3,0.9,multiplicative,8.928906646
고창연안4_연안,투명도[m],0.75343236,0.7,0.9,multiplicative,0.284536036
고창연안4_연안,화학적산소요구량[mg/L],1.480696368,0.7,0.9,additive,3.045355381
고창연안4_연안,염분[psu],1.601173579,0.7,0.8,additive,31.88481337
고창연안4_연안,클로로필-a[μg/L],1.64842529,0.3,0.9,multiplicative,12.50321497
고창연안4_연안,총인[μg/L],0.730254407,0.3,0.9,multiplicative,75.39011767
고창연안4_연안,수온[℃],0.795167926,0.3,0.8,additive,16.71396043
고창연안4_연안,총질소[μg/L],0.521024692,0.7,0.8,additive,330.253354
고창연안4_연안,용존산소[mg/L],0.35155024,0.7,0.9,additive,8.395329892
고흥연안1_연안,투명도[m],0.836587747,0.7,0.8,multiplicative,1.743448471
고흥연안1_연안,화학적산소요구량[mg/L],0.599270236,0.7,0.9,additive,1.259774698
고흥연안1_연안,염분[psu],1.247211494,0.5,0.9,multiplicative,32.90340163
고흥연안1_연안,클로로필-a[μg/L],0.677425601,0.7,0.8,multiplicative,2.420405548
고흥연안1_연안,총인[μg/L],0.54792811,0.7,0.9,multiplicative,32.39399386
고흥연안1_연안,수온[℃],1.148476634,0.7,0.8,additive,17.00365041
고흥연안1_연안,총질소[μg/L],0.392107094,0.7,0.9,multiplicative,235.409196
고흥연안1_연안,용존산소[mg/L],0.660639503,0.3,0.8,additive,8.04688785
고흥연안2_연안,투명도[m],0.632723142,0.7,0.9,multiplicative,3.563628012
고흥연안2_연안,화학적산소요구량[mg/L],0.787749569,0.3,0.9,multiplicative,0.285554212
고흥연안2_연안,염분[psu],0.869329793,0.7,0.8,multiplicative,33.00132249
고흥연안2_연안,클로로필-a[μg/L],0.548615573,0.3,0.9,multiplicative,0.668105606
고흥연안2_연안,총인[μg/L],0.215099544,0.3,0.8,multiplicative,23.10850824
고흥연안2_연안,수온[℃],0.998087373,0.3,0.9,additive,17.13908492
고흥연안2_연안,총질소[μg/L],0.630527252,0.7,0.9,multiplicative,180.7930586
고흥연안2_연안,용존산소[mg/L],1.330374603,0.3,0.8,additive,8.222459724
고흥연안3_연안,투명도[m],0.867450794,0.7,0.8,multiplicative,1.582102351
고흥연안3_연안,화학적산소요구량[mg/L],0.320337612,0.7,0.8,additive,1.205151589
고흥연안3_연안,염분[psu],0.994874646,0.7,0.8,multiplicative,32.89854802
고흥연안3_연안,클로로필-a[μg/L],0.397105197,0.3,0.8,multiplicative,1.097306493
고흥연안3_연안,총인[μg/L],0.331965859,0.7,0.9,multiplicative,25.93411356
고흥연안3_연안,수온[℃],1.326657091,0.7,0.9,additive,17.29560356
고흥연안3_연안,총질소[μg/L],0.643799966,0.5,0.9,multiplicative,172.8402609
고흥연안3_연안,용존산소[mg/L],0.767282564,0.7,0.8,multiplicative,8.610569642
고흥연안4_연안,투명도[m],0.767213977,0.3,0.8,additive,3.111276162
고흥연안4_연안,화학적산소요구량[mg/L],0.647614555,0.3,0.9,additive,1.529316611
고흥연안4_연안,염분[psu],1.32566269,0.3,0.9,multiplicative,32.89398826
고흥연안4_연안,클로로필-a[μg/L],0.415684261,0.3,0.8,multiplicative,3.098722128
고흥연안4_연안,총인[μg/L],0.412057776,0.7,0.8,additive,21.22954531
고흥연안4_연안,수온[℃],1.172451588,0.3,0.9,additive,17.38457646
고흥연안4_연안,총질소[μg/L],0.541037469,0.3,0.9,multiplicative,180.2694806
고흥연안4_연안,용존산소[mg/L],0.948447668,0.3,0.8,additive,7.974837737
고흥연안5_연안,투명도[m],1.273078976,0.3,0.9,additive,1.6558864
고흥연안5_연안,화학적산소요구량[mg/L],0.427338178,0.3,0.8,additive,1.247498461
고흥연안5_연안,염분[psu],1.027881102,0.7,0.8,multiplicative,32.73600181
고흥연안5_연안,클로로필-a[μg/L],0.516529236,0.7,0.9,additive,1.217641167
고흥연안5_연안,총인[μg/L],0.348529883,0.7,0.8,additive,20.21219564
고흥연안5_연안,수온[℃],1.186687082,0.3,0.9,additive,17.17588369
고흥연안5_연안,총질소[μg/L],0.435322479,0.3,0.9,multiplicative,158.9801772
고흥연안5_연안,용존산소[mg/L],0.48594118,0.7,0.9,additive,8.398944122
구룡포연안1_연안,투명도[m],1.145644829,0.7,0.8,multiplicative,6.780403816
구룡포연안1_연안,화학적산소요구량[mg/L],0.523535307,0.5,0.9,additive,1.316589288
구룡포연안1_연안,염분[psu],1.845737609,0.5,0.9,additive,34.64478397
구룡포연안1_연안,클로로필-a[μg/L],0.287354919,0.3,0.8,multiplicative,1.265498753
구룡포연안1_연안,총인[μg/L],0.641899421,0.7,0.9,multiplicative,15.00600824
구룡포연안1_연안,수온[℃],0.641316891,0.7,0.9,multiplicative,16.03237133
구룡포연안1_연안,총질소[μg/L],0.578533435,0.7,0.9,multiplicative,183.1860451
구룡포연안1_연안,용존산소[mg/L],0.986136429,0.3,0.9,multiplicative,8.669212751
구룡포연안2_연안,투명도[m],1.024207561,0.3,0.9,multiplicative,7.032808832
구룡포연안2_연안,화학적산소요구량[mg/L],1.056847687,0.7,0.9,additive,1.362928239
구룡포연안2_연안,염분[psu],1.407257468,0.7,0.8,multiplicative,33.12525214
구룡포연안2_연안,클로로필-a[μg/L],2.336742803,0.3,0.9,multiplicative,0.608842345
구룡포연안2_연안,총인[μg/L],0.730267008,0.5,0.9,multiplicative,9.552915173
구룡포연안2_연안,수온[℃],0.715811456,0.7,0.9,multiplicative,16.15459725
구룡포연안2_연안,총질소[μg/L],0.325498339,0.7,0.9,multiplicative,162.4365278
구룡포연안2_연안,용존산소[mg/L],0.830533208,0.7,0.9,multiplicative,8.595481278
군산연안10_연안,투명도[m],0.632742669,0.7,0.9,multiplicative,1.0674464
군산연안10_연안,화학적산소요구량[mg/L],1.521413269,0.7,0.9,multiplicative,1.712103463
군산연안10_연안,염분[psu],3.919059839,0.5,0.9,multiplicative,31.76673412
군산연안10_연안,클로로필-a[μg/L],2.935178117,0.3,0.9,additive,4.406099948
군산연안10_연안,총인[μg/L],0.434754934,0.3,0.8,multiplicative,32.34822721
군산연안10_연안,수온[℃],0.867071346,0.3,0.8,additive,15.62353889
군산연안10_연안,총질소[μg/L],0.986280848,0.7,0.9,multiplicative,221.3813134
군산연안10_연안,용존산소[mg/L],0.7975527,0.7,0.9,additive,9.219125511
군산연안1_연안,투명도[m],0.476168613,0.7,0.9,multiplicative,0.492929472
군산연안1_연안,화학적산소요구량[mg/L],0.602385577,0.5,0.9,multiplicative,2.626225871
군산연안1_연안,염분[psu],1.1772436,0.5,0.8,additive,27.27902296
군산연안1_연안,클로로필-a[μg/L],0.769962325,0.3,0.8,multiplicative,-1.064815286
군산연안1_연안,총인[μg/L],0.251153063,0.3,0.8,multiplicative,82.88638575
군산연안1_연안,수온[℃],0.825446413,0.3,0.8,additive,15.73391602
군산연안1_연안,총질소[μg/L],0.571373093,0.7,0.9,multiplicative,1350.414219
군산연안1_연안,용존산소[mg/L],0.551395087,0.3,0.8,multiplicative,8.220386148
군산연안2_연안,투명도[m],0.585345064,0.3,0.8,additive,0.651827813
군산연안2_연안,화학적산소요구량[mg/L],0.417631016,0.5,0.9,multiplicative,2.259166476
군산연안2_연안,염분[psu],1.25636424,0.7,0.9,additive,30.64548967
군산연안2_연안,클로로필-a[μg/L],0.892576008,0.7,0.9,multiplicative,10.23932719
군산연안2_연안,총인[μg/L],0.359013186,0.7,0.8,multiplicative,79.42433626
군산연안2_연안,수온[℃],0.880155906,0.7,0.9,multiplicative,14.89487052
군산연안2_연안,총질소[μg/L],0.832354138,0.7,0.9,multiplicative,827.0838696
군산연안2_연안,용존산소[mg/L],0.859560727,0.3,0.8,multiplicative,8.513795656
군산연안3_연안,투명도[m],0.482359375,0.5,0.8,additive,1.128860977
군산연안3_연안,화학적산소요구량[mg/L],0.79341885,0.3,0.8,additive,2.336503917
군산연안3_연안,염분[psu],1.699217943,0.3,0.8,multiplicative,29.83917364
군산연안3_연안,클로로필-a[μg/L],0.563325202,0.7,0.8,multiplicative,0.00963216
군산연안3_연안,총인[μg/L],0.404095139,0.7,0.8,additive,55.12299672
군산연안3_연안,수온[℃],0.954224778,0.3,0.8,additive,15.11994608
군산연안3_연안,총질소[μg/L],0.611349776,0.3,0.8,additive,678.0744232
군산연안3_연안,용존산소[mg/L],0.759514142,0.7,0.9,multiplicative,8.663168717
군산연안4_연안,투명도[m],0.974739774,0.7,0.8,additive,1.254851418
군산연안4_연안,화학적산소요구량[mg/L],0.652196947,0.7,0.8,multiplicative,1.965599512
군산연안4_연안,염분[psu],1.302454803,0.7,0.8,multiplicative,29.97318414
군산연안4_연안,클로로필-a[μg/L],1.317662164,0.3,0.8,multiplicative,0.270279127
군산연안4_연안,총인[μg/L],0.567678492,0.3,0.8,multiplicative,50.13804503
군산연안4_연안,수온[℃],0.86602123,0.3,0.8,additive,14.93426429
군산연안4_연안,총질소[μg/L],0.724996669,0.3,0.9,additive,492.9820689
군산연안4_연안,용존산소[mg/L],0.951511727,0.7,0.8,multiplicative,8.667372473
군산연안5_연안,투명도[m],2.100385496,0.7,0.9,additive,1.824153313
군산연안5_연안,화학적산소요구량[mg/L],1.292061401,0.7,0.8,multiplicative,1.956531723
군산연안5_연안,염분[psu],4.901050873,0.7,0.8,multiplicative,30.4949823
군산연안5_연안,클로로필-a[μg/L],1.494966685,0.7,0.8,multiplicative,-1.691206025
군산연안5_연안,총인[μg/L],0.44248917,0.7,0.8,multiplicative,42.4963047
군산연안5_연안,수온[℃],0.901120715,0.3,0.9,additive,15.85676762
군산연안5_연안,총질소[μg/L],0.614763954,0.7,0.9,multiplicative,454.7640999
군산연안5_연안,용존산소[mg/L],0.861319411,0.3,0.8,multiplicative,8.821965488
군산연안6_연안,투명도[m],1.842455,0.7,0.9,multiplicative,1.595267415
군산연안6_연안,화학적산소요구량[mg/L],0.565670667,0.7,0.9,multiplicative,2.183152204
군산연안6_연안,염분[psu],4.443910576,0.7,0.8,multiplicative,31.1505577
군산연안6_연안,클로로필-a[μg/L],2.17176416,0.3,0.9,multiplicative,6.045315313
군산연안6_연안,총인[μg/L],0.521563545,0.7,0.8,multiplicative,39.35445228
군산연안6_연안,수온[℃],0.993413508,0.3,0.9,additive,15.63813445
군산연안6_연안,총질소[μg/L],0.662054716,0.3,0.9,multiplicative,377.4753355
군산연안6_연안,용존산소[mg/L],0.582119463,0.3,0.9,additive,9.008665365
군산연안7_연안,투명도[m],1.799268019,0.7,0.8,additive,2.066862211
군산연안7_연안,화학적산소요구량[mg/L],1.480358263,0.3,0.8,multiplicative,1.915937016
군산연안7_연안,염분[psu],6.911076774,0.7,0.9,multiplicative,31.56459031
군산연안7_연안,클로로필-a[μg/L],2.141320979,0.7,0.8,additive,1.393108302
군산연안7_연안,총인[μg/L],0.417778362,0.7,0.8,multiplicative,31.28472978
군산연안7_연안,수온[℃],0.885840923,0.3,0.9,additive,15.41121549
군산연안7_연안,총질소[μg/L],0.933269948,0.7,0.8,multiplicative,226.3770059
군산연안7_연안,용존산소[mg/L],0.471738597,0.3,0.9,multiplicative,8.918361761
군산연안8_연안,투명도[m],1.057059506,0.3,0.8,additive,1.493725904
군산연안8_연안,화학적산소요구량[mg/L],1.284041115,0.7,0.9,multiplicative,2.177061251
군산연안8_연안,염분[psu],3.608925208,0.7,0.8,multiplicative,30.63398645
군산연안8_연안,클로로필-a[μg/L],1.478964827,0.7,0.8,multiplicative,-0.784735025
군산연안8_연안,총인[μg/L],0.40043983,0.5,0.8,multiplicative,41.58250251
군산연안8_연안,수온[℃],0.842473252,0.3,0.9,additive,15.26066028
군산연안8_연안,총질소[μg/L],0.89734536,0.3,0.9,multiplicative,353.7502587
군산연안8_연안,용존산소[mg/L],0.277343656,0.7,0.9,multiplicative,8.698532493
군산연안9_연안,투명도[m],2.090941691,0.7,0.8,additive,2.405433683
군산연안9_연안,화학적산소요구량[mg/L],1.508821739,0.3,0.8,additive,1.987371327
군산연안9_연안,염분[psu],3.482279341,0.7,0.8,multiplicative,31.09953028
군산연안9_연안,클로로필-a[μg/L],2.16050177,0.3,0.9,additive,5.064229531
군산연안9_연안,총인[μg/L],0.370133122,0.7,0.8,multiplicative,34.65720406
군산연안9_연안,수온[℃],0.896003797,0.3,0.8,additive,15.21482891
군산연안9_연안,총질소[μg/L],0.907748934,0.7,0.9,multiplicative,266.5372228
군산연안9_연안,용존산소[mg/L],0.671262398,0.3,0.8,additive,8.870339143
기장연안1_연안,투명도[m],0.572687875,0.7,0.8,additive,5.843512171
기장연안1_연안,화학적산소요구량[mg/L],0.608591408,0.3,0.9,additive,0.716844432
기장연안1_연안,염분[psu],1.189600396,0.3,0.8,additive,33.75501754
기장연안1_연안,클로로필-a[μg/L],1.164499551,0.3,0.9,multiplicative,1.096461943
기장연안1_연안,총인[μg/L],0.371947055,0.7,0.8,multiplicative,20.35172961
기장연안1_연안,수온[℃],0.537322676,0.7,0.8,additive,17.63449316
기장연안1_연안,총질소[μg/L],0.947745929,0.7,0.9,multiplicative,176.6261239
기장연안1_연안,용존산소[mg/L],0.417224686,0.3,0.9,multiplicative,8.238000629
기장연안2_연안,투명도[m],1.286925297,0.7,0.9,additive,4.290833233
기장연안2_연안,화학적산소요구량[mg/L],0.448029418,0.7,0.9,additive,0.854266143
기장연안2_연안,염분[psu],1.210744862,0.3,0.8,additive,33.75886069
기장연안2_연안,클로로필-a[μg/L],1.051468371,0.3,0.8,multiplicative,1.478789427
기장연안2_연안,총인[μg/L],0.584390678,0.7,0.8,multiplicative,20.05223114
기장연안2_연안,수온[℃],0.642732721,0.7,0.8,additive,17.76229044
기장연안2_연안,총질소[μg/L],0.762233485,0.3,0.9,multiplicative,211.8138714
기장연안2_연안,용존산소[mg/L],0.443889434,0.3,0.8,multiplicative,8.182903441
기장연안3_연안,투명도[m],0.740486926,0.7,0.8,additive,4.471486284
기장연안3_연안,화학적산소요구량[mg/L],0.556588212,0.3,0.8,multiplicative,0.721316916
기장연안3_연안,염분[psu],1.016959288,0.3,0.8,additive,33.79004683
기장연안3_연안,클로로필-a[μg/L],1.450171009,0.7,0.8,additive,0.561273115
기장연안3_연안,총인[μg/L],0.426250932,0.7,0.8,multiplicative,17.75290621
기장연안3_연안,수온[℃],0.632217602,0.7,0.9,additive,17.4814994
기장연안3_연안,총질소[μg/L],0.546040911,0.3,0.9,multiplicative,213.8096377
기장연안3_연안,용존산소[mg/L],0.380201804,0.5,0.9,multiplicative,8.313474097
남해도남안1_연안,투명도[m],0.811124257,0.3,0.9,additive,6.149008537
남해도남안1_연안,화학적산소요구량[mg/L],0.974805117,0.7,0.8,multiplicative,1.74481814
남해도남안1_연안,염분[psu],1.806957794,0.7,0.8,multiplicative,33.04046232
남해도남안1_연안,클로로필-a[μg/L],3.221114847,0.3,0.8,multiplicative,2.678810102
남해도남안1_연안,총인[μg/L],0.623690147,0.5,0.8,additive,13.48614285
남해도남안1_연안,수온[℃],1.013198752,0.7,0.8,additive,18.04947467
남해도남안1_연안,총질소[μg/L],0.397618117,0.7,0.9,multiplicative,122.6506992
남해도남안1_연안,용존산소[mg/L],1.140767208,0.7,0.8,additive,8.345540583
남해도남안2_연안,투명도[m],0.876709384,0.7,0.8,multiplicative,5.659925557
남해도남안2_연안,화학적산소요구량[mg/L],0.883829475,0.7,0.8,multiplicative,1.846737541
남해도남안2_연안,염분[psu],2.537407127,0.3,0.9,multiplicative,33.0468202
남해도남안2_연안,클로로필-a[μg/L],2.56123278,0.7,0.9,additive,0.458422954
남해도남안2_연안,총인[μg/L],0.160357533,0.7,0.9,multiplicative,15.23908259
남해도남안2_연안,수온[℃],0.850217476,0.7,0.8,additive,18.03645974
남해도남안2_연안,총질소[μg/L],0.517073962,0.7,0.8,additive,97.17882887
남해도남안2_연안,용존산소[mg/L],1.344746857,0.7,0.9,additive,8.230026942
남해도남안3_연안,투명도[m],0.924683514,0.3,0.8,additive,7.975299076
남해도남안3_연안,화학적산소요구량[mg/L],2.275143142,0.5,0.9,additive,1.218410406
남해도남안3_연안,염분[psu],2.354327248,0.3,0.8,multiplicative,33.24658851
남해도남안3_연안,클로로필-a[μg/L],2.429362765,0.7,0.8,additive,0.627529088
남해도남안3_연안,총인[μg/L],0.452605572,0.7,0.8,multiplicative,17.05398314
남해도남안3_연안,수온[℃],0.731458939,0.3,0.8,additive,18.64650591
남해도남안3_연안,총질소[μg/L],0.506046616,0.7,0.9,multiplicative,125.3452365
남해도남안3_연안,용존산소[mg/L],1.424078754,0.7,0.8,multiplicative,8.606799271
남해도남안4_연안,투명도[m],0.481312338,0.7,0.8,multiplicative,4.358718358
남해도남안4_연안,화학적산소요구량[mg/L],1.218199321,0.5,0.8,multiplicative,1.304673351
남해도남안4_연안,염분[psu],1.925803545,0.5,0.9,multiplicative,33.16706469
남해도남안4_연안,클로로필-a[μg/L],1.431626359,0.3,0.9,additive,1.201784982
남해도남안4_연안,총인[μg/L],0.342872037,0.5,0.9,multiplicative,18.57207352
남해도남안4_연안,수온[℃],0.928277234,0.7,0.8,additive,18.33203405
남해도남안4_연안,총질소[μg/L],0.502777767,0.7,0.9,multiplicative,121.067512
남해도남안4_연안,용존산소[mg/L],0.651047085,0.7,0.9,multiplicative,8.744454869
남해도남안5_연안,투명도[m],0.710854936,0.5,0.9,additive,3.884920852
남해도남안5_연안,화학적산소요구량[mg/L],0.475411641,0.7,0.9,multiplicative,1.454183952
남해도남안5_연안,염분[psu],1.595571606,0.5,0.8,multiplicative,32.95014524
남해도남안5_연안,클로로필-a[μg/L],2.94631066,0.3,0.9,additive,0.22756142
남해도남안5_연안,총인[μg/L],0.513981135,0.7,0.9,multiplicative,22.00590142
남해도남안5_연안,수온[℃],0.925092366,0.7,0.9,additive,17.55617354
남해도남안5_연안,총질소[μg/L],0.329547885,0.3,0.9,multiplicative,183.9066026
남해도남안5_연안,용존산소[mg/L],1.040022938,0.7,0.9,additive,8.112146261
도암만1_환경관리,투명도[m],0.59606495,0.7,0.9,additive,1.769500534
도암만1_환경관리,화학적산소요구량[mg/L],0.238561945,0.7,0.8,multiplicative,1.285284318
도암만1_환경관리,염분[psu],1.154791465,0.7,0.9,multiplicative,32.79036218
도암만1_환경관리,클로로필-a[μg/L],0.424149623,0.7,0.9,multiplicative,1.493906082
도암만1_환경관리,총인[μg/L],0.358765629,0.5,0.8,additive,28.28641103
도암만1_환경관리,수온[℃],0.978704171,0.7,0.9,multiplicative,15.99137079
도암만1_환경관리,총질소[μg/L],0.331911449,0.7,0.9,multiplicative,277.1030796
도암만1_환경관리,용존산소[mg/L],0.258143639,0.5,0.9,additive,8.763153816
도암만2_환경관리,투명도[m],0.43339321,0.5,0.9,multiplicative,1.508369802
도암만2_환경관리,화학적산소요구량[mg/L],0.510453603,0.3,0.9,additive,1.668711424
도암만2_환경관리,염분[psu],1.398962613,0.3,0.9,additive,32.32298218
도암만2_환경관리,클로로필-a[μg/L],0.786487571,0.3,0.9,additive,2.199295959
도암만2_환경관리,총인[μg/L],0.326835297,0.3,0.8,multiplicative,28.58884659
도암만2_환경관리,수온[℃],1.020642246,0.7,0.9,additive,17.70172772
도암만2_환경관리,총질소[μg/L],0.350476499,0.3,0.9,multiplicative,286.3074997
도암만2_환경관리,용존산소[mg/L],0.49715126,0.7,0.8,additive,9.129515526
동해연안1_연안,투명도[m],0.386194691,0.5,0.8,multiplicative,7.220404635
동해연안1_연안,화학적산소요구량[mg/L],0.561145163,0.5,0.8,additive,1.105982845
동해연안1_연안,염분[psu],2.357327449,0.3,0.9,multiplicative,33.796194
동해연안1_연안,클로로필-a[μg/L],0.670915944,0.3,0.9,multiplicative,0.045442055
동해연안1_연안,총인[μg/L],0.471043192,0.3,0.9,multiplicative,14.96967467
동해연안1_연안,수온[℃],0.42584208,0.7,0.9,additive,16.37348362
동해연안1_연안,총질소[μg/L],0.471285635,0.7,0.9,multiplicative,204.1152047
동해연안1_연안,용존산소[mg/L],0.436875235,0.5,0.9,multiplicative,8.618476539
동해연안2_연안,투명도[m],1.178629994,0.5,0.9,multiplicative,9.953115153
동해연안2_연안,화학적산소요구량[mg/L],0.895261114,0.7,0.8,additive,1.315349165
동해연안2_연안,염분[psu],1.777810548,0.3,0.9,multiplicative,33.66754154
동해연안2_연안,클로로필-a[μg/L],2.290849139,0.3,0.9,multiplicative,0.235727509
동해연안2_연안,총인[μg/L],0.471700056,0.3,0.9,multiplicative,15.6362322
동해연안2_연안,수온[℃],0.390280918,0.3,0.8,additive,16.52420961
동해연안2_연안,총질소[μg/L],0.529717385,0.7,0.9,multiplicative,180.4480137
동해연안2_연안,용존산소[mg/L],0.697442729,0.7,0.9,additive,8.849444875
동해연안3_연안,투명도[m],0.777290772,0.7,0.9,multiplicative,9.736833698
동해연안3_연안,화학적산소요구량[mg/L],0.797756388,0.3,0.8,multiplicative,0.931094932
동해연안3_연안,염분[psu],1.591321627,0.3,0.9,multiplicative,33.77313001
동해연안3_연안,클로로필-a[μg/L],2.1776982,0.7,0.9,multiplicative,0.293353106
동해연안3_연안,총인[μg/L],0.39544419,0.5,0.9,multiplicative,17.70623563
동해연안3_연안,수온[℃],0.389893728,0.7,0.9,additive,16.41338133
동해연안3_연안,총질소[μg/L],0.532459701,0.7,0.9,multiplicative,179.5851175
동해연안3_연안,용존산소[mg/L],0.781350281,0.7,0.8,multiplicative,8.80194375
동해연안4_연안,투명도[m],1.224868586,0.5,0.9,multiplicative,10.90055131
동해연안4_연안,화학적산소요구량[mg/L],0.294425025,0.7,0.9,multiplicative,0.962230173
동해연안4_연안,염분[psu],1.411357106,0.3,0.8,multiplicative,33.93724971
동해연안4_연안,클로로필-a[μg/L],2.955428478,0.7,0.8,additive,0.285291178
동해연안4_연안,총인[μg/L],0.457901364,0.3,0.8,multiplicative,16.88887575
동해연안4_연안,수온[℃],0.417605673,0.3,0.9,additive,16.19251078
동해연안4_연안,총질소[μg/L],0.877821329,0.5,0.9,multiplicative,133.7409028
동해연안4_연안,용존산소[mg/L],0.390022732,0.3,0.9,multiplicative,8.65567512
득량만1_환경관리,투명도[m],1.121094019,0.7,0.9,multiplicative,1.179763518
득량만1_환경관리,화학적산소요구량[mg/L],0.515355407,0.5,0.9,multiplicative,1.15561632
득량만1_환경관리,염분[psu],3.055727249,0.7,0.8,multiplicative,31.65436518
득량만1_환경관리,클로로필-a[μg/L],1.284739876,0.5,0.9,multiplicative,0.77875492
득량만1_환경관리,총인[μg/L],0.682773881,0.7,0.9,multiplicative,34.18910656
득량만1_환경관리,수온[℃],1.056271162,0.7,0.9,multiplicative,16.70192648
득량만1_환경관리,총질소[μg/L],0.209434795,0.3,0.9,multiplicative,335.9750106
득량만1_환경관리,용존산소[mg/L],0.998012929,0.3,0.9,additive,8.337576447
득량만2_환경관리,투명도[m],0.893033238,0.7,0.9,additive,2.033659634
득량만2_환경관리,화학적산소요구량[mg/L],0.722987567,0.7,0.9,additive,1.689763678
득량만2_환경관리,염분[psu],1.87876128,0.7,0.8,multiplicative,32.03212074
득량만2_환경관리,클로로필-a[μg/L],1.197305121,0.3,0.9,multiplicative,1.352905681
득량만2_환경관리,총인[μg/L],0.674740319,0.7,0.8,multiplicative,30.99010586
득량만2_환경관리,수온[℃],1.193216449,0.3,0.9,additive,16.8456498
득량만2_환경관리,총질소[μg/L],0.258546346,0.3,0.9,multiplicative,288.3542593
득량만2_환경관리,용존산소[mg/L],1.064934811,0.3,0.8,additive,8.153549073
득량만3_환경관리,투명도[m],0.705587856,0.3,0.8,additive,2.162585631
득량만3_환경관리,화학적산소요구량[mg/L],0.606129891,0.7,0.9,additive,1.661677024
득량만3_환경관리,염분[psu],1.393389677,0.7,0.8,multiplicative,32.11513518
득량만3_환경관리,클로로필-a[μg/L],0.670502749,0.5,0.8,multiplicative,3.96954947
득량만3_환경관리,총인[μg/L],0.33036762,0.7,0.8,multiplicative,31.60438441
득량만3_환경관리,수온[℃],1.354147045,0.3,0.9,additive,17.2462794
득량만3_환경관리,총질소[μg/L],0.311009582,0.5,0.9,multiplicative,215.4066408
득량만3_환경관리,용존산소[mg/L],0.815130205,0.7,0.8,multiplicative,8.734441515
마산만1_환경관리,투명도[m],0.505372693,0.3,0.8,additive,2.056129106
마산만1_환경관리,화학적산소요구량[mg/L],0.71362884,0.7,0.9,multiplicative,2.859679163
마산만1_환경관리,염분[psu],5.51110401,0.7,0.8,multiplicative,31.58740513
마산만1_환경관리,클로로필-a[μg/L],0.557941552,0.5,0.8,multiplicative,13.0823195
마산만1_환경관리,총인[μg/L],0.650519916,0.3,0.9,multiplicative,52.89475078
마산만1_환경관리,수온[℃],1.130522453,0.7,0.9,additive,17.4161891
마산만1_환경관리,총질소[μg/L],1.078250762,0.3,0.8,multiplicative,284.1672532
마산만1_환경관리,용존산소[mg/L],0.725250146,0.3,0.9,additive,9.318159633
마산만2_환경관리,투명도[m],0.637177909,0.3,0.9,additive,3.755995777
마산만2_환경관리,화학적산소요구량[mg/L],0.776376404,0.7,0.9,multiplicative,2.619961967
마산만2_환경관리,염분[psu],3.138124998,0.5,0.8,multiplicative,31.8044941
마산만2_환경관리,클로로필-a[μg/L],0.559300083,0.7,0.8,multiplicative,4.476813641
마산만2_환경관리,총인[μg/L],0.331245198,0.7,0.9,multiplicative,45.70508629
마산만2_환경관리,수온[℃],1.179589535,0.7,0.8,additive,17.21793494
마산만2_환경관리,총질소[μg/L],0.878705786,0.3,0.9,multiplicative,302.7635205
마산만2_환경관리,용존산소[mg/L],0.731842218,0.3,0.8,multiplicative,9.454494708
보령연안1_연안,투명도[m],0.359682243,0.7,0.8,multiplicative,2.08271719
보령연안1_연안,화학적산소요구량[mg/L],0.709374816,0.7,0.8,multiplicative,1.185577017
보령연안1_연안,염분[psu],7.938077048,0.7,0.8,multiplicative,31.54720999
보령연안1_연안,클로로필-a[μg/L],0.881275742,0.5,0.9,multiplicative,3.173578382
보령연안1_연안,총인[μg/L],0.552316833,0.7,0.8,multiplicative,30.21912627
보령연안1_연안,수온[℃],0.93120396,0.3,0.8,additive,15.28399103
보령연안1_연안,총질소[μg/L],1.08557899,0.3,0.9,multiplicative,186.3133438
보령연안1_연안,용존산소[mg/L],0.47317517,0.7,0.8,multiplicative,8.714152737
보령연안2_연안,투명도[m],0.567994691,0.5,0.9,multiplicative,2.127963063
보령연안2_연안,화학적산소요구량[mg/L],0.931005389,0.7,0.9,multiplicative,1.49669332
보령연안2_연안,염분[psu],5.857328584,0.7,0.9,multiplicative,31.73392289
보령연안2_연안,클로로필-a[μg/L],1.033852986,0.7,0.9,multiplicative,2.663287682
보령연안2_연안,총인[μg/L],0.446185078,0.7,0.8,multiplicative,32.85091352
보령연안2_연안,수온[℃],0.991591851,0.3,0.8,additive,15.50372763
보령연안2_연안,총질소[μg/L],0.558737496,0.7,0.8,multiplicative,185.9503802
보령연안2_연안,용존산소[mg/L],0.296914989,0.3,0.8,additive,8.618009631
보령연안3_연안,투명도[m],1.014516359,0.3,0.9,additive,2.446982758
보령연안3_연안,화학적산소요구량[mg/L],1.356242543,0.3,0.9,multiplicative,1.44538389
보령연안3_연안,염분[psu],6.33039908,0.7,0.9,multiplicative,31.55201211
보령연안3_연안,클로로필-a[μg/L],1.124309632,0.3,0.9,multiplicative,4.129123218
보령연안3_연안,총인[μg/L],0.571348595,0.5,0.8,multiplicative,31.9818294
보령연안3_연안,수온[℃],0.955115203,0.3,0.8,additive,15.53802815
보령연안3_연안,총질소[μg/L],0.554275049,0.7,0.8,multiplicative,167.3372542
보령연안3_연안,용존산소[mg/L],0.262412826,0.3,0.8,additive,8.77567808
부산연안1_환경관리,투명도[m],1.676004566,0.5,0.8,multiplicative,3.954253897
부산연안1_환경관리,화학적산소요구량[mg/L],0.512515602,0.7,0.8,additive,0.984891245
부산연안1_환경관리,염분[psu],1.261722648,0.3,0.8,additive,33.59134765
부산연안1_환경관리,클로로필-a[μg/L],1.043276781,0.5,0.8,additive,1.745126457
부산연안1_환경관리,총인[μg/L],0.809553142,0.7,0.9,multiplicative,20.78318632
부산연안1_환경관리,수온[℃],0.632423429,0.7,0.9,additive,18.32564573
부산연안1_환경관리,총질소[μg/L],0.933461113,0.5,0.9,additive,208.2168359
부산연안1_환경관리,용존산소[mg/L],0.347753943,0.7,0.8,multiplicative,8.413306441
부산연안2_환경관리,투명도[m],2.43327391,0.3,0.9,multiplicative,4.002314506
부산연안2_환경관리,화학적산소요구량[mg/L],0.528952498,0.7,0.9,additive,1.082368516
부산연안2_환경관리,염분[psu],0.95255452,0.7,0.8,multiplicative,32.87460226
부산연안2_환경관리,클로로필-a[μg/L],0.826768076,0.7,0.8,additive,1.194815177
부산연안2_환경관리,총인[μg/L],0.732160263,0.3,0.9,multiplicative,34.56170013
부산연안2_환경관리,수온[℃],0.711947054,0.7,0.9,additive,18.29199082
부산연안2_환경관리,총질소[μg/L],0.658310653,0.7,0.9,multiplicative,292.5926781
부산연안2_환경관리,용존산소[mg/L],0.339265728,0.5,0.8,multiplicative,8.483465691
부산연안3_환경관리,투명도[m],1.414504687,0.3,0.8,multiplicative,3.609386265
부산연안3_환경관리,화학적산소요구량[mg/L],0.73206219,0.3,0.9,multiplicative,1.243206008
부산연안3_환경관리,염분[psu],1.327736537,0.3,0.8,additive,33.3680172
부산연안3_환경관리,클로로필-a[μg/L],1.093288251,0.7,0.8,additive,2.006165107
부산연안3_환경관리,총인[μg/L],0.63962276,0.7,0.9,multiplicative,29.1361316
부산연안3_환경관리,수온[℃],0.698314373,0.7,0.8,additive,18.27831563
부산연안3_환경관리,총질소[μg/L],0.700249063,0.7,0.9,multiplicative,370.5386912
부산연안3_환경관리,용존산소[mg/L],0.40635472,0.3,0.8,additive,8.687326048
부산연안4_환경관리,투명도[m],0.830666292,0.3,0.8,multiplicative,4.33220138
부산연안4_환경관리,화학적산소요구량[mg/L],0.378590474,0.3,0.8,multiplicative,0.946335142
부산연안4_환경관리,염분[psu],1.154742669,0.7,0.9,additive,34.23380996
부산연안4_환경관리,클로로필-a[μg/L],0.684873057,0.3,0.8,multiplicative,2.723267766
부산연안4_환경관리,총인[μg/L],0.361729045,0.7,0.8,additive,20.60822164
부산연안4_환경관리,수온[℃],0.672844381,0.7,0.9,additive,17.47763586
부산연안4_환경관리,총질소[μg/L],0.714662712,0.7,0.9,multiplicative,240.565814
부산연안4_환경관리,용존산소[mg/L],0.252979888,0.7,0.9,multiplicative,8.623504848
사천연안1_연안,투명도[m],1.090227583,0.3,0.9,additive,3.404559644
사천연안1_연안,화학적산소요구량[mg/L],1.084216754,0.7,0.9,additive,1.17372581
사천연안1_연안,염분[psu],7.145714058,0.3,0.8,multiplicative,32.30316593
사천연안1_연안,클로로필-a[μg/L],0.543120158,0.7,0.8,multiplicative,2.047646981
사천연안1_연안,총인[μg/L],0.303270083,0.7,0.9,multiplicative,22.95620067
사천연안1_연안,수온[℃],1.028853325,0.3,0.9,additive,17.15058725
사천연안1_연안,총질소[μg/L],0.412704098,0.7,0.9,multiplicative,352.6766946
사천연안1_연안,용존산소[mg/L],0.172468789,0.3,0.9,additive,7.803835194
사천연안2_연안,투명도[m],0.426951805,0.3,0.9,additive,2.898239454
사천연안2_연안,화학적산소요구량[mg/L],0.838581606,0.7,0.8,additive,1.339137264
사천연안2_연안,염분[psu],3.189760962,0.7,0.9,additive,33.14206304
사천연안2_연안,클로로필-a[μg/L],0.498428415,0.3,0.8,multiplicative,2.247124566
사천연안2_연안,총인[μg/L],0.153002189,0.5,0.9,multiplicative,30.34713883
사천연안2_연안,수온[℃],1.012563498,0.7,0.9,multiplicative,17.79242376
사천연안2_연안,총질소[μg/L],0.591485384,0.7,0.9,multiplicative,158.659361
사천연안2_연안,용존산소[mg/L],0.396630677,0.3,0.8,additive,7.915849312
사천연안3_연안,투명도[m],0.228530643,0.7,0.8,multiplicative,3.169405545
사천연안3_연안,화학적산소요구량[mg/L],0.519307095,0.7,0.8,additive,1.325162057
사천연안3_연안,염분[psu],2.44954961,0.7,0.9,additive,33.05556415
사천연안3_연안,클로로필-a[μg/L],0.333665439,0.3,0.8,multiplicative,1.995410733
사천연안3_연안,총인[μg/L],0.25053801,0.3,0.8,multiplicative,23.00730331
사천연안3_연안,수온[℃],1.124270929,0.5,0.8,additive,17.74186696
사천연안3_연안,총질소[μg/L],0.457164236,0.7,0.9,multiplicative,186.3643936
사천연안3_연안,용존산소[mg/L],0.277407398,0.3,0.8,additive,8.760204813
삼척연안1_연안,투명도[m],0.853818435,0.3,0.9,additive,10.80858696
삼척연안1_연안,화학적산소요구량[mg/L],0.53316733,0.7,0.8,additive,1.192301931
삼척연안1_연안,염분[psu],1.47976636,0.5,0.9,multiplicative,33.78627074
삼척연안1_연안,클로로필-a[μg/L],0.507441513,0.3,0.9,multiplicative,1.016442833
삼척연안1_연안,총인[μg/L],0.448451075,0.3,0.8,multiplicative,16.83961391
삼척연안1_연안,수온[℃],0.417976966,0.7,0.8,additive,16.96065296
삼척연안1_연안,총질소[μg/L],0.97354356,0.7,0.8,multiplicative,134.6143555
삼척연안1_연안,용존산소[mg/L],0.63229075,0.7,0.9,multiplicative,8.637973806
삼척연안2_연안,투명도[m],1.043568794,0.5,0.9,additive,9.557908395
삼척연안2_연안,화학적산소요구량[mg/L],0.492802846,0.7,0.8,additive,1.226469656
삼척연안2_연안,염분[psu],1.941786294,0.3,0.8,additive,33.67066925
삼척연안2_연안,클로로필-a[μg/L],0.634113419,0.3,0.8,multiplicative,1.392857232
삼척연안2_연안,총인[μg/L],0.382523048,0.7,0.8,multiplicative,18.67468491
삼척연안2_연안,수온[℃],0.483023581,0.7,0.9,additive,16.77267771
삼척연안2_연안,총질소[μg/L],0.844682654,0.7,0.9,additive,165.1966438
삼척연안2_연안,용존산소[mg/L],1.070299901,0.7,0.8,multiplicative,8.777264686
삼척연안3_연안,투명도[m],0.785942167,0.3,0.8,additive,10.9242014
삼척연안3_연안,화학적산소요구량[mg/L],0.319873149,0.7,0.8,additive,1.600979246
삼척연안3_연안,염분[psu],2.27479821,0.5,0.8,multiplicative,33.48242111
삼척연안3_연안,클로로필-a[μg/L],0.77658057,0.7,0.9,additive,0.82721663
삼척연안3_연안,총인[μg/L],0.556646349,0.3,0.8,multiplicative,17.0836483
삼척연안3_연안,수온[℃],0.424049223,0.7,0.9,additive,17.21313025
삼척연안3_연안,총질소[μg/L],0.804031323,0.5,0.9,additive,152.8428829
삼척연안3_연안,용존산소[mg/L],0.915559795,0.7,0.8,multiplicative,8.75129779
속초연안2_연안,투명도[m],0.4676208,0.5,0.9,additive,9.410566403
속초연안2_연안,화학적산소요구량[mg/L],0.588251779,0.7,0.9,multiplicative,0.727219726
속초연안2_연안,염분[psu],0.901832647,0.7,0.8,multiplicative,33.8330333
속초연안2_연안,클로로필-a[μg/L],0.905411631,0.7,0.9,additive,-0.170831675
속초연안2_연안,총인[μg/L],0.344307847,0.7,0.9,multiplicative,17.55228859
속초연안2_연안,수온[℃],0.540005746,0.7,0.9,additive,15.61890369
속초연안2_연안,총질소[μg/L],0.766647851,0.3,0.8,multiplicative,183.6256572
속초연안2_연안,용존산소[mg/L],0.31751666,0.7,0.8,multiplicative,8.89063624
속초연안3_연안,투명도[m],0.690855739,0.5,0.9,additive,10.42555766
속초연안3_연안,화학적산소요구량[mg/L],1.023358701,0.7,0.9,multiplicative,0.905667922
속초연안3_연안,염분[psu],0.872276699,0.3,0.8,multiplicative,33.66473993
속초연안3_연안,클로로필-a[μg/L],1.345273494,0.7,0.8,additive,-0.458811334
속초연안3_연안,총인[μg/L],0.340538973,0.3,0.9,multiplicative,15.57660147
속초연안3_연안,수온[℃],0.565253755,0.7,0.9,additive,15.50470607
속초연안3_연안,총질소[μg/L],0.72805312,0.5,0.8,multiplicative,168.5672388
속초연안3_연안,용존산소[mg/L],0.320087826,0.7,0.8,multiplicative,8.742236039
속초연안4_연안,투명도[m],0.811071222,0.7,0.8,additive,12.01123057
속초연안4_연안,화학적산소요구량[mg/L],0.525133722,0.7,0.9,additive,0.957536504
속초연안4_연안,염분[psu],0.762714277,0.3,0.9,multiplicative,33.5484413
속초연안4_연안,클로로필-a[μg/L],1.187633104,0.7,0.9,additive,0.407266385
속초연안4_연안,총인[μg/L],0.403512667,0.5,0.9,multiplicative,15.28066996
속초연안4_연안,수온[℃],0.501818393,0.7,0.9,additive,16.71477299
속초연안4_연안,총질소[μg/L],0.681817938,0.5,0.9,multiplicative,168.7551593
속초연안4_연안,용존산소[mg/L],0.480360918,0.7,0.9,multiplicative,8.863875991
신안연안1_연안,투명도[m],0.624187181,0.5,0.8,multiplicative,1.201735918
신안연안1_연안,화학적산소요구량[mg/L],0.590702392,0.7,0.8,additive,1.504426168
신안연안1_연안,염분[psu],1.444889423,0.5,0.8,multiplicative,31.93945664
신안연안1_연안,클로로필-a[μg/L],2.088650389,0.7,0.8,multiplicative,0.050870525
신안연안1_연안,총인[μg/L],0.6801735,0.3,0.9,multiplicative,25.88906357
신안연안1_연안,수온[℃],0.946717481,0.7,0.9,multiplicative,15.26303178
신안연안1_연안,총질소[μg/L],0.55486807,0.7,0.9,multiplicative,389.3293624
신안연안1_연안,용존산소[mg/L],0.211390373,0.7,0.9,additive,8.488049535
신안연안2_연안,투명도[m],1.102503616,0.5,0.9,additive,1.18657621
신안연안2_연안,화학적산소요구량[mg/L],0.408379297,0.3,0.8,additive,1.45078785
신안연안2_연안,염분[psu],1.184300022,0.3,0.8,multiplicative,32.39918379
신안연안2_연안,클로로필-a[μg/L],2.854360983,0.7,0.8,multiplicative,0.702733736
신안연안2_연안,총인[μg/L],0.347639049,0.5,0.9,multiplicative,22.49841829
신안연안2_연안,수온[℃],1.022558169,0.7,0.9,additive,16.35016279
신안연안2_연안,총질소[μg/L],0.251747043,0.3,0.9,multiplicative,350.5122808
신안연안2_연안,용존산소[mg/L],0.467739243,0.7,0.9,multiplicative,8.47829138
양양연안1_연안,투명도[m],0.950327543,0.7,0.9,additive,11.41452612
양양연안1_연안,화학적산소요구량[mg/L],1.110438964,0.5,0.8,multiplicative,1.000323405
양양연안1_연안,염분[psu],0.957190952,0.3,0.9,multiplicative,33.74782529
양양연안1_연안,클로로필-a[μg/L],1.144685518,0.5,0.8,additive,-0.553095255
양양연안1_연안,총인[μg/L],0.441397375,0.3,0.8,multiplicative,16.3676032
양양연안1_연안,수온[℃],0.455429619,0.7,0.9,additive,16.68414457
양양연안1_연안,총질소[μg/L],0.643384986,0.3,0.9,multiplicative,157.1946972
양양연안1_연안,용존산소[mg/L],0.232395364,0.7,0.8,multiplicative,8.863473327
양양연안2_연안,투명도[m],0.809347245,0.3,0.9,additive,10.43976539
양양연안2_연안,화학적산소요구량[mg/L],0.748423506,0.7,0.8,additive,1.190660107
양양연안2_연안,염분[psu],0.608707021,0.3,0.9,multiplicative,33.755834
양양연안2_연안,클로로필-a[μg/L],1.659382495,0.7,0.8,additive,-0.767879119
양양연안2_연안,총인[μg/L],0.504334116,0.7,0.8,multiplicative,18.0398253
양양연안2_연안,수온[℃],0.492654053,0.7,0.8,additive,16.41146878
양양연안2_연안,총질소[μg/L],0.743369932,0.7,0.9,multiplicative,156.6547225
양양연안2_연안,용존산소[mg/L],0.364250335,0.7,0.8,multiplicative,8.808861069
여수연안1_연안,투명도[m],1.045287061,0.3,0.8,multiplicative,3.316501902
여수연안1_연안,화학적산소요구량[mg/L],1.023434012,0.7,0.8,multiplicative,1.79746097
여수연안1_연안,염분[psu],2.933216803,0.3,0.8,multiplicative,32.06837656
여수연안1_연안,클로로필-a[μg/L],4.452362989,0.3,0.8,additive,2.130367064
여수연안1_연안,총인[μg/L],0.279002655,0.3,0.8,multiplicative,30.21690649
여수연안1_연안,수온[℃],1.109401218,0.7,0.9,multiplicative,16.5135019
여수연안1_연안,총질소[μg/L],0.354645129,0.7,0.9,multiplicative,240.8648852
여수연안1_연안,용존산소[mg/L],0.644118488,0.3,0.8,multiplicative,8.698527357
여수연안2_연안,투명도[m],0.666236136,0.3,0.9,multiplicative,2.611428715
여수연안2_연안,화학적산소요구량[mg/L],0.280978482,0.3,0.8,additive,1.535877108
여수연안2_연안,염분[psu],1.756356018,0.3,0.8,multiplicative,31.96721176
여수연안2_연안,클로로필-a[μg/L],0.568401631,0.7,0.9,multiplicative,1.630197442
여수연안2_연안,총인[μg/L],0.231285133,0.7,0.8,multiplicative,28.94998594
여수연안2_연안,수온[℃],1.283430881,0.7,0.9,multiplicative,16.62504411
여수연안2_연안,총질소[μg/L],0.269255032,0.7,0.9,multiplicative,238.5471558
여수연안2_연안,용존산소[mg/L],0.635989203,0.7,0.8,multiplicative,8.632856572
여수연안3_연안,투명도[m],0.400138197,0.7,0.8,multiplicative,2.357466609
여수연안3_연안,화학적산소요구량[mg/L],0.3992784,0.7,0.9,additive,1.578037681
여수연안3_연안,염분[psu],2.263036089,0.3,0.8,multiplicative,32.24291502
여수연안3_연안,클로로필-a[μg/L],2.616341645,0.3,0.9,additive,1.658742337
여수연안3_연안,총인[μg/L],0.139878572,0.7,0.8,multiplicative,29.31699069
여수연안3_연안,수온[℃],1.169930532,0.7,0.9,multiplicative,16.68833646
여수연안3_연안,총질소[μg/L],0.27308601,0.7,0.9,multiplicative,206.0714355
여수연안3_연안,용존산소[mg/L],0.372469165,0.5,0.8,multiplicative,8.508248766
여수연안4_연안,투명도[m],0.825832194,0.7,0.9,additive,4.336342398
여수연안4_연안,화학적산소요구량[mg/L],1.267220506,0.7,0.8,additive,1.48503789
여수연안4_연안,염분[psu],1.958634081,0.3,0.8,multiplicative,32.53374944
여수연안4_연안,클로로필-a[μg/L],1.724883679,0.3,0.8,additive,1.297794734
여수연안4_연안,총인[μg/L],0.432507465,0.7,0.8,multiplicative,19.95800405
여수연안4_연안,수온[℃],1.075406707,0.7,0.9,multiplicative,16.84418782
여수연안4_연안,총질소[μg/L],0.707009433,0.7,0.9,multiplicative,96.14012559
여수연안4_연안,용존산소[mg/L],0.566236363,0.7,0.9,multiplicative,8.592577157
여수연안5_연안,투명도[m],0.839489344,0.7,0.9,additive,4.404013536
여수연안5_연안,화학적산소요구량[mg/L],0.654890723,0.7,0.8,additive,1.474197041
여수연안5_연안,염분[psu],1.987786727,0.3,0.8,multiplicative,32.33340181
여수연안5_연안,클로로필-a[μg/L],1.783012911,0.5,0.8,multiplicative,4.548234365
여수연안5_연안,총인[μg/L],0.248510496,0.3,0.9,multiplicative,16.68345365
여수연안5_연안,수온[℃],1.202044841,0.7,0.9,additive,17.63614819
여수연안5_연안,총질소[μg/L],0.558886229,0.3,0.9,multiplicative,195.8158119
여수연안5_연안,용존산소[mg/L],0.559141632,0.5,0.8,multiplicative,8.988705155
영일만10_연안,투명도[m],0.900408955,0.7,0.8,multiplicative,6.683180792
영일만10_연안,화학적산소요구량[mg/L],0.8961809,0.3,0.8,multiplicative,1.20979607
영일만10_연안,염분[psu],0.842964155,0.7,0.8,multiplicative,33.34003319
영일만10_연안,클로로필-a[μg/L],0.25710368,0.3,0.8,multiplicative,1.259025789
영일만10_연안,총인[μg/L],0.494428074,0.3,0.8,multiplicative,17.20002255
영일만10_연안,수온[℃],0.653531303,0.5,0.9,additive,17.14710636
영일만10_연안,총질소[μg/L],0.910621111,0.7,0.8,multiplicative,162.8918799
영일만10_연안,용존산소[mg/L],0.768055165,0.3,0.8,additive,8.559662612
영일만11_연안,투명도[m],0.997746788,0.3,0.9,multiplicative,7.027562388
영일만11_연안,화학적산소요구량[mg/L],0.436120001,0.3,0.8,additive,1.612179457
영일만11_연안,염분[psu],0.888577079,0.5,0.9,multiplicative,33.48375192
영일만11_연안,클로로필-a[μg/L],0.698139636,0.7,0.8,multiplicative,1.53073678
영일만11_연안,총인[μg/L],0.589605023,0.7,0.9,multiplicative,14.79412237
영일만11_연안,수온[℃],0.775665118,0.7,0.8,additive,16.94659563
영일만11_연안,총질소[μg/L],0.39975744,0.3,0.9,multiplicative,178.5112866
영일만11_연안,용존산소[mg/L],1.271377283,0.7,0.8,multiplicative,8.76331331
영일만12_연안,투명도[m],1.210611147,0.5,0.9,multiplicative,9.524148316
영일만12_연안,화학적산소요구량[mg/L],0.838639474,0.3,0.9,multiplicative,1.173245105
영일만12_연안,염분[psu],0.575495634,0.7,0.9,multiplicative,33.69210364
영일만12_연안,클로로필-a[μg/L],0.521303069,0.7,0.9,multiplicative,0.918324892
영일만12_연안,총인[μg/L],0.602993207,0.5,0.9,multiplicative,15.54263801
영일만12_연안,수온[℃],0.540557993,0.7,0.9,multiplicative,15.87220562
영일만12_연안,총질소[μg/L],0.57331624,0.3,0.8,multiplicative,170.3980735
영일만12_연안,용존산소[mg/L],0.419721605,0.5,0.9,multiplicative,8.816882886
영일만2_연안,투명도[m],0.717558955,0.7,0.8,multiplicative,4.467903762
영일만2_연안,화학적산소요구량[mg/L],0.836837005,0.7,0.9,multiplicative,1.044005094
영일만2_연안,염분[psu],0.694991018,0.7,0.9,multiplicative,32.9565193
영일만2_연안,클로로필-a[μg/L],0.507201227,0.3,0.9,multiplicative,2.505548742
영일만2_연안,총인[μg/L],0.893051108,0.7,0.9,additive,15.82996862
영일만2_연안,수온[℃],0.885533607,0.5,0.9,additive,16.43615473
영일만2_연안,총질소[μg/L],0.907509441,0.3,0.9,multiplicative,175.9128609
영일만2_연안,용존산소[mg/L],1.250286157,0.3,0.9,additive,8.668685261
영일만3_연안,투명도[m],1.206397235,0.3,0.8,additive,5.5182973
영일만3_연안,화학적산소요구량[mg/L],0.710058693,0.7,0.8,multiplicative,1.330569466
영일만3_연안,염분[psu],0.537553036,0.5,0.9,multiplicative,33.16503822
영일만3_연안,클로로필-a[μg/L],0.406636071,0.3,0.8,multiplicative,2.342600285
영일만3_연안,총인[μg/L],0.64288506,0.3,0.9,additive,18.97936888
영일만3_연안,수온[℃],0.845154917,0.5,0.8,additive,16.45850759
영일만3_연안,총질소[μg/L],0.917624575,0.3,0.9,additive,153.6541885
영일만3_연안,용존산소[mg/L],1.278263522,0.5,0.9,additive,8.777284353
영일만4_연안,투명도[m],1.043510867,0.7,0.8,multiplicative,4.967184926
영일만4_연안,화학적산소요구량[mg/L],0.428632549,0.7,0.8,multiplicative,1.190755745
영일만4_연안,염분[psu],0.877686429,0.3,0.9,multiplicative,33.02682208
영일만4_연안,클로로필-a[μg/L],0.399997976,0.7,0.8,multiplicative,2.846840648
영일만4_연안,총인[μg/L],0.684168902,0.3,0.8,additive,17.75594731
영일만4_연안,수온[℃],0.896105343,0.3,0.8,additive,16.52629099
영일만4_연안,총질소[μg/L],0.713133392,0.7,0.8,multiplicative,196.2810915
영일만4_연안,용존산소[mg/L],1.292434006,0.5,0.9,multiplicative,9.285678402
영일만5_연안,투명도[m],0.765645047,0.3,0.9,multiplicative,5.594677228
영일만5_연안,화학적산소요구량[mg/L],0.543073173,0.5,0.8,multiplicative,1.27001718
영일만5_연안,염분[psu],0.973557773,0.7,0.8,multiplicative,33.0937055
영일만5_연안,클로로필-a[μg/L],0.504629193,0.7,0.8,multiplicative,2.437455803
영일만5_연안,총인[μg/L],0.77557645,0.3,0.9,multiplicative,16.3821772
영일만5_연안,수온[℃],0.732101263,0.7,0.9,multiplicative,15.87905102
영일만5_연안,총질소[μg/L],0.637257369,0.7,0.8,multiplicative,184.9873803
영일만5_연안,용존산소[mg/L],1.103275769,0.7,0.8,multiplicative,9.181509614
영일만6_연안,투명도[m],0.847104103,0.3,0.9,multiplicative,6.102093505
영일만6_연안,화학적산소요구량[mg/L],0.387173902,0.3,0.9,multiplicative,0.834020569
영일만6_연안,염분[psu],0.747594644,0.7,0.9,multiplicative,33.32684674
영일만6_연안,클로로필-a[μg/L],0.384499918,0.7,0.8,multiplicative,2.00998576
영일만6_연안,총인[μg/L],0.529575663,0.7,0.8,multiplicative,18.4658876
영일만6_연안,수온[℃],0.7635156,0.7,0.9,multiplicative,15.88808625
영일만6_연안,총질소[μg/L],0.627247744,0.7,0.9,multiplicative,179.9421194
영일만6_연안,용존산소[mg/L],1.398672466,0.7,0.9,multiplicative,8.356290625
영일만7_연안,투명도[m],0.891819893,0.7,0.9,multiplicative,6.160048384
영일만7_연안,화학적산소요구량[mg/L],0.588106094,0.5,0.9,multiplicative,0.931062522
영일만7_연안,염분[psu],3.276937175,0.3,0.9,multiplicative,33.54314561
영일만7_연안,클로로필-a[μg/L],0.40271946,0.5,0.8,multiplicative,1.994789156
영일만7_연안,총인[μg/L],0.837500471,0.3,0.8,additive,14.75236849
영일만7_연안,수온[℃],0.717970507,0.7,0.8,additive,16.77821102
영일만7_연안,총질소[μg/L],0.517308408,0.7,0.9,multiplicative,180.7223694
영일만7_연안,용존산소[mg/L],0.729194171,0.7,0.9,multiplicative,8.8135584
영일만8_연안,투명도[m],1.328296518,0.3,0.9,additive,6.929327123
영일만8_연안,화학적산소요구량[mg/L],0.933497033,0.7,0.8,additive,1.407927369
영일만8_연안,염분[psu],1.460067657,0.5,0.8,additive,34.03399198
영일만8_연안,클로로필-a[μg/L],0.481753303,0.3,0.9,multiplicative,0.488024363
영일만8_연안,총인[μg/L],0.543669982,0.3,0.9,additive,15.86006592
영일만8_연안,수온[℃],0.804156826,0.7,0.8,additive,16.83040397
영일만8_연안,총질소[μg/L],0.659975257,0.7,0.8,multiplicative,182.2994105
영일만8_연안,용존산소[mg/L],0.749447404,0.3,0.8,additive,8.725828455
영일만9_연안,투명도[m],1.303336903,0.3,0.9,multiplicative,7.299822693
영일만9_연안,화학적산소요구량[mg/L],0.742719467,0.5,0.9,multiplicative,0.659256323
영일만9_연안,염분[psu],0.674633809,0.7,0.8,multiplicative,33.41146761
영일만9_연안,클로로필-a[μg/L],0.462487112,0.3,0.8,multiplicative,1.359588952
영일만9_연안,총인[μg/L],0.815218643,0.3,0.8,additive,16.33832392
영일만9_연안,수온[℃],0.654562133,0.7,0.9,multiplicative,15.70948888
영일만9_연안,총질소[μg/L],0.905383441,0.7,0.8,multiplicative,156.7843942
영일만9_연안,용존산소[mg/L],0.60367619,0.5,0.8,multiplicative,9.086177329
온산연안1_환경관리,투명도[m],1.073795914,0.7,0.9,multiplicative,1.917877082
온산연안1_환경관리,화학적산소요구량[mg/L],0.389742888,0.3,0.9,multiplicative,1.049871445
온산연안1_환경관리,염분[psu],0.463932329,0.7,0.8,multiplicative,32.68957514
온산연안1_환경관리,클로로필-a[μg/L],0.567009448,0.3,0.9,multiplicative,-0.682532162
온산연안1_환경관리,총인[μg/L],0.114125502,0.7,0.8,multiplicative,27.29282591
온산연안1_환경관리,수온[℃],1.084137683,0.3,0.9,additive,17.18201982
온산연안1_환경관리,총질소[μg/L],0.382042785,0.7,0.9,multiplicative,413.7698552
온산연안1_환경관리,용존산소[mg/L],0.635830096,0.7,0.8,multiplicative,8.459387376
온산연안2_환경관리,투명도[m],0.325528478,0.3,0.9,additive,4.306804386
온산연안2_환경관리,화학적산소요구량[mg/L],0.531517189,0.7,0.9,additive,1.131738048
온산연안2_환경관리,염분[psu],0.546883064,0.3,0.8,multiplicative,33.3654809
온산연안2_환경관리,클로로필-a[μg/L],1.141280517,0.3,0.9,multiplicative,1.999791808
온산연안2_환경관리,총인[μg/L],0.346407457,0.3,0.9,additive,16.92054529
온산연안2_환경관리,수온[℃],0.820432955,0.3,0.9,additive,17.12887741
온산연안2_환경관리,총질소[μg/L],0.459960737,0.7,0.9,multiplicative,209.372772
온산연안2_환경관리,용존산소[mg/L],0.514657094,0.3,0.8,multiplicative,8.286555114
온산연안3_환경관리,투명도[m],0.841929664,0.3,0.8,additive,8.295436472
온산연안3_환경관리,화학적산소요구량[mg/L],0.522963651,0.3,0.8,multiplicative,1.060874468
온산연안3_환경관리,염분[psu],0.476392703,0.5,0.8,multiplicative,33.49408013
온산연안3_환경관리,클로로필-a[μg/L],0.695187652,0.7,0.9,multiplicative,1.762938307
온산연안3_환경관리,총인[μg/L],0.807301157,0.3,0.9,multiplicative,12.48359614
온산연안3_환경관리,수온[℃],0.77169038,0.7,0.9,multiplicative,16.61061617
온산연안3_환경관리,총질소[μg/L],0.752769855,0.3,0.9,multiplicative,183.7663941
온산연안3_환경관리,용존산소[mg/L],0.650914464,0.3,0.9,multiplicative,8.314553748
완도연안1_환경관리,투명도[m],0.486179626,0.5,0.8,multiplicative,1.439598069
완도연안1_환경관리,화학적산소요구량[mg/L],0.257370473,0.7,0.8,additive,1.448458614
완도연안1_환경관리,염분[psu],0.354020608,0.7,0.9,multiplicative,33.10970858
완도연안1_환경관리,클로로필-a[μg/L],0.720628375,0.3,0.8,multiplicative,2.038085405
완도연안1_환경관리,총인[μg/L],0.343963154,0.7,0.8,multiplicative,28.96575424
완도연안1_환경관리,수온[℃],1.046429893,0.7,0.9,multiplicative,15.6181456
완도연안1_환경관리,총질소[μg/L],0.373466958,0.3,0.9,multiplicative,238.7209019
완도연안1_환경관리,용존산소[mg/L],0.494649701,0.7,0.9,additive,8.671088781
완도연안2_환경관리,투명도[m],0.727555949,0.7,0.9,multiplicative,2.159738841
완도연안2_환경관리,화학적산소요구량[mg/L],0.263237196,0.5,0.8,multiplicative,1.66409691
완도연안2_환경관리,염분[psu],0.616198199,0.7,0.8,additive,33.00671883
완도연안2_환경관리,클로로필-a[μg/L],0.658133268,0.7,0.9,additive,0.99879706
완도연안2_환경관리,총인[μg/L],0.387385117,0.7,0.8,additive,29.82943355
완도연안2_환경관리,수온[℃],1.074501133,0.7,0.9,additive,17.70774603
완도연안2_환경관리,총질소[μg/L],0.522412892,0.3,0.9,multiplicative,228.262528
완도연안2_환경관리,용존산소[mg/L],0.432910728,0.7,0.9,multiplicative,8.414048239
완도연안3_환경관리,투명도[m],0.665921744,0.3,0.8,multiplicative,1.882947251
완도연안3_환경관리,화학적산소요구량[mg/L],0.234620565,0.7,0.9,additive,1.528788334
완도연안3_환경관리,염분[psu],0.793291377,0.7,0.9,multiplicative,33.13598554
완도연안3_환경관리,클로로필-a[μg/L],0.662700086,0.3,0.8,additive,1.028642618
완도연안3_환경관리,총인[μg/L],0.220632495,0.3,0.8,multiplicative,28.17972426
완도연안3_환경관리,수온[℃],0.94429258,0.7,0.8,additive,17.17584661
완도연안3_환경관리,총질소[μg/L],0.542218473,0.7,0.9,multiplicative,260.5325904
완도연안3_환경관리,용존산소[mg/L],0.608199474,0.7,0.9,multiplicative,8.425676981
완도연안4_환경관리,투명도[m],0.57557106,0.3,0.9,additive,2.991667369
완도연안4_환경관리,화학적산소요구량[mg/L],0.343525103,0.7,0.9,additive,1.421031018
완도연안4_환경관리,염분[psu],0.654764611,0.7,0.9,multiplicative,33.40596112
완도연안4_환경관리,클로로필-a[μg/L],0.568586494,0.7,0.8,multiplicative,0.72006992
완도연안4_환경관리,총인[μg/L],0.300316322,0.3,0.8,multiplicative,20.18454653
완도연안4_환경관리,수온[℃],0.849082359,0.7,0.9,additive,16.40843768
완도연안4_환경관리,총질소[μg/L],0.429898028,0.7,0.9,multiplicative,216.6813767
완도연안4_환경관리,용존산소[mg/L],0.552662638,0.7,0.8,multiplicative,8.40960376
완도연안5_환경관리,투명도[m],0.715695618,0.7,0.8,additive,2.235288473
완도연안5_환경관리,화학적산소요구량[mg/L],0.675938699,0.7,0.8,additive,1.493945335
완도연안5_환경관리,염분[psu],1.331079843,0.7,0.8,multiplicative,33.18292644
완도연안5_환경관리,클로로필-a[μg/L],0.805153088,0.7,0.9,multiplicative,2.151942823
완도연안5_환경관리,총인[μg/L],0.341906822,0.3,0.8,multiplicative,23.5509644
완도연안5_환경관리,수온[℃],0.814150913,0.7,0.9,additive,16.98567398
완도연안5_환경관리,총질소[μg/L],0.67845933,0.3,0.9,multiplicative,188.4645664
완도연안5_환경관리,용존산소[mg/L],0.708859272,0.7,0.9,additive,8.897230007
울산연안1_환경관리,투명도[m],0.73208088,0.3,0.8,additive,7.355386022
울산연안1_환경관리,화학적산소요구량[mg/L],0.904998639,0.3,0.8,additive,0.957966166
울산연안1_환경관리,염분[psu],0.415466921,0.3,0.8,additive,33.61672121
울산연안1_환경관리,클로로필-a[μg/L],0.568293622,0.7,0.9,multiplicative,1.817284474
울산연안1_환경관리,총인[μg/L],0.419681524,0.7,0.9,multiplicative,16.279933
울산연안1_환경관리,수온[℃],0.826261725,0.3,0.9,additive,18.15541419
울산연안1_환경관리,총질소[μg/L],0.913822853,0.3,0.8,multiplicative,161.5716104
울산연안1_환경관리,용존산소[mg/L],0.715957663,0.3,0.8,multiplicative,8.151934539
울산연안2_환경관리,투명도[m],1.61479887,0.7,0.8,additive,5.487898206
울산연안2_환경관리,화학적산소요구량[mg/L],1.396841104,0.7,0.9,multiplicative,0.673571225
울산연안2_환경관리,염분[psu],0.726448708,0.3,0.9,additive,33.60250055
울산연안2_환경관리,클로로필-a[μg/L],1.082771178,0.3,0.8,multiplicative,2.118581133
울산연안2_환경관리,총인[μg/L],0.344663571,0.5,0.9,additive,15.31303154
울산연안2_환경관리,수온[℃],0.942155233,0.3,0.9,additive,17.61086901
울산연안2_환경관리,총질소[μg/L],0.572966422,0.7,0.8,multiplicative,189.6943871
울산연안2_환경관리,용존산소[mg/L],0.451472781,0.3,0.9,multiplicative,8.32913985
울산연안3_환경관리,투명도[m],0.414646847,0.5,0.8,additive,3.362216288
울산연안3_환경관리,화학적산소요구량[mg/L],0.689031528,0.7,0.9,additive,1.433247097
울산연안3_환경관리,염분[psu],1.527405212,0.3,0.8,multiplicative,32.24703548
울산연안3_환경관리,클로로필-a[μg/L],0.679860233,0.3,0.8,multiplicative,1.07279624
울산연안3_환경관리,총인[μg/L],0.243778485,0.3,0.9,multiplicative,37.72757218
울산연안3_환경관리,수온[℃],0.803915099,0.3,0.9,additive,17.26859719
울산연안3_환경관리,총질소[μg/L],0.886500952,0.7,0.9,multiplicative,341.9914057
울산연안3_환경관리,용존산소[mg/L],0.465057272,0.7,0.9,multiplicative,8.589074433
울산연안4_환경관리,투명도[m],0.472229035,0.5,0.8,multiplicative,2.129787877
울산연안4_환경관리,화학적산소요구량[mg/L],0.310647976,0.7,0.9,multiplicative,1.472105754
울산연안4_환경관리,염분[psu],0.880691979,0.3,0.8,multiplicative,31.42395859
울산연안4_환경관리,클로로필-a[μg/L],0.523089508,0.7,0.9,multiplicative,3.422694781
울산연안4_환경관리,총인[μg/L],0.666139206,0.7,0.8,multiplicative,71.53509595
울산연안4_환경관리,수온[℃],1.039227584,0.3,0.9,additive,16.71861793
울산연안4_환경관리,총질소[μg/L],0.794099631,0.3,0.9,multiplicative,626.7002522
울산연안4_환경관리,용존산소[mg/L],0.559777671,0.7,0.8,multiplicative,7.955726474
월포연안1_연안,투명도[m],0.725806897,0.7,0.8,multiplicative,8.942431996
월포연안1_연안,화학적산소요구량[mg/L],0.282377764,0.3,0.9,multiplicative,1.362263178
월포연안1_연안,염분[psu],0.906503305,0.5,0.9,multiplicative,33.66925692
월포연안1_연안,클로로필-a[μg/L],0.441629286,0.3,0.9,multiplicative,1.572660926
월포연안1_연안,총인[μg/L],0.584787271,0.5,0.9,multiplicative,15.47111461
월포연안1_연안,수온[℃],0.661747746,0.3,0.9,additive,16.87468161
월포연안1_연안,총질소[μg/L],0.575790121,0.7,0.9,multiplicative,182.2083101
월포연안1_연안,용존산소[mg/L],0.679982342,0.7,0.8,multiplicative,8.542595559
인천연안10_환경관리,투명도[m],0.403369254,0.7,0.8,multiplicative,1.259532152
인천연안10_환경관리,화학적산소요구량[mg/L],1.220339777,0.7,0.8,multiplicative,2.030908346
인천연안10_환경관리,염분[psu],1.73371102,0.7,0.8,multiplicative,30.24498603
인천연안10_환경관리,클로로필-a[μg/L],1.482680097,0.3,0.8,additive,2.066095187
인천연안10_환경관리,총인[μg/L],0.387487624,0.3,0.8,multiplicative,55.94154857
인천연안10_환경관리,수온[℃],1.085658518,0.5,0.9,additive,14.92769312
인천연안10_환경관리,총질소[μg/L],0.50942181,0.7,0.9,multiplicative,648.0328966
인천연안10_환경관리,용존산소[mg/L],0.788515999,0.3,0.9,multiplicative,9.013987333
인천연안11_환경관리,투명도[m],0.62483767,0.5,0.8,multiplicative,1.718744109
인천연안11_환경관리,화학적산소요구량[mg/L],0.650189788,0.7,0.9,multiplicative,1.032947537
인천연안11_환경관리,염분[psu],1.636937368,0.7,0.8,multiplicative,30.78798571
인천연안11_환경관리,클로로필-a[μg/L],0.366353806,0.5,0.8,multiplicative,1.758512852
인천연안11_환경관리,총인[μg/L],0.959212258,0.3,0.9,multiplicative,43.95424473
인천연안11_환경관리,수온[℃],1.011719003,0.3,0.9,additive,14.7117679
인천연안11_환경관리,총질소[μg/L],0.682164446,0.3,0.8,multiplicative,358.1106847
인천연안11_환경관리,용존산소[mg/L],0.697820303,0.7,0.9,multiplicative,9.024970715
인천연안12_환경관리,투명도[m],0.831908601,0.3,0.8,additive,2.134450152
인천연안12_환경관리,화학적산소요구량[mg/L],0.488532367,0.7,0.8,additive,1.85793772
인천연안12_환경관리,염분[psu],1.223238759,0.3,0.9,multiplicative,30.92178986
인천연안12_환경관리,클로로필-a[μg/L],0.799256714,0.3,0.8,multiplicative,2.877271902
인천연안12_환경관리,총인[μg/L],0.771577507,0.7,0.9,additive,43.47073736
인천연안12_환경관리,수온[℃],0.990474168,0.7,0.8,additive,15.12625998
인천연안12_환경관리,총질소[μg/L],0.353467758,0.3,0.9,multiplicative,523.1832767
인천연안12_환경관리,용존산소[mg/L],0.683727326,0.7,0.8,multiplicative,8.893661675
인천연안13_환경관리,투명도[m],0.4700216,0.5,0.9,multiplicative,1.756001283
인천연안13_환경관리,화학적산소요구량[mg/L],0.998230242,0.7,0.8,additive,1.643409291
인천연안13_환경관리,염분[psu],0.916076544,0.3,0.8,multiplicative,31.03224099
인천연안13_환경관리,클로로필-a[μg/L],1.037004181,0.5,0.8,multiplicative,1.855912848
인천연안13_환경관리,총인[μg/L],0.244972327,0.3,0.9,multiplicative,38.81565748
인천연안13_환경관리,수온[℃],0.858436845,0.7,0.9,additive,14.38875507
인천연안13_환경관리,총질소[μg/L],0.33468955,0.7,0.8,multiplicative,331.3321892
인천연안13_환경관리,용존산소[mg/L],0.753624561,0.7,0.9,additive,9.130762305
인천연안14_환경관리,투명도[m],0.70346492,0.5,0.8,multiplicative,2.117773537
인천연안14_환경관리,화학적산소요구량[mg/L],0.66751751,0.7,0.8,multiplicative,1.931199333
인천연안14_환경관리,염분[psu],0.792362796,0.5,0.8,multiplicative,31.02471885
인천연안14_환경관리,클로로필-a[μg/L],0.866442284,0.3,0.8,multiplicative,1.581654281
인천연안14_환경관리,총인[μg/L],0.238910456,0.3,0.8,multiplicative,36.7417865
인천연안14_환경관리,수온[℃],0.872736839,0.5,0.9,additive,14.1163306
인천연안14_환경관리,총질소[μg/L],0.372220449,0.7,0.9,multiplicative,362.8542963
인천연안14_환경관리,용존산소[mg/L],0.733060813,0.7,0.9,multiplicative,9.016855331
인천연안15_환경관리,투명도[m],0.676717601,0.3,0.8,multiplicative,1.754728235
인천연안15_환경관리,화학적산소요구량[mg/L],1.217185177,0.7,0.9,multiplicative,1.363421732
인천연안15_환경관리,염분[psu],1.568488279,0.7,0.9,multiplicative,31.06592214
인천연안15_환경관리,클로로필-a[μg/L],0.974553468,0.3,0.8,multiplicative,1.763290203
인천연안15_환경관리,총인[μg/L],0.463308627,0.5,0.8,multiplicative,39.80243985
인천연안15_환경관리,수온[℃],0.907967479,0.3,0.9,additive,14.35199983
인천연안15_환경관리,총질소[μg/L],0.644062952,0.7,0.8,multiplicative,286.1229451
인천연안15_환경관리,용존산소[mg/L],0.950343969,0.3,0.8,multiplicative,8.842119919
인천연안1_환경관리,투명도[m],0.5531391,0.7,0.8,multiplicative,0.655476194
인천연안1_환경관리,화학적산소요구량[mg/L],1.736661031,0.5,0.8,multiplicative,2.765071193
인천연안1_환경관리,염분[psu],2.143147225,0.3,0.8,multiplicative,25.08099944
인천연안1_환경관리,클로로필-a[μg/L],1.096472209,0.7,0.9,additive,1.563152318
인천연안1_환경관리,총인[μg/L],0.192326904,0.3,0.9,multiplicative,85.90192149
인천연안1_환경관리,수온[℃],1.10733096,0.7,0.9,multiplicative,14.25568167
인천연안1_환경관리,총질소[μg/L],0.648643266,0.3,0.9,multiplicative,322.0931145
인천연안1_환경관리,용존산소[mg/L],0.639907085,0.7,0.9,multiplicative,8.300945618
인천연안2_환경관리,투명도[m],0.632754562,0.7,0.9,multiplicative,0.740488942
인천연안2_환경관리,화학적산소요구량[mg/L],2.194050645,0.7,0.8,additive,2.036641508
인천연안2_환경관리,염분[psu],3.467774793,0.3,0.8,additive,28.57271284
인천연안2_환경관리,클로로필-a[μg/L],0.3700477,0.3,0.8,multiplicative,2.554872723
인천연안2_환경관리,총인[μg/L],1.932591456,0.3,0.8,multiplicative,51.76060428
인천연안2_환경관리,수온[℃],1.172957759,0.7,0.9,additive,15.32125606
인천연안2_환경관리,총질소[μg/L],0.593291368,0.7,0.9,multiplicative,270.5206065
인천연안2_환경관리,용존산소[mg/L],0.552007114,0.7,0.9,multiplicative,8.418091795
인천연안3_환경관리,투명도[m],0.764755195,0.5,0.8,multiplicative,0.810489419
인천연안3_환경관리,화학적산소요구량[mg/L],1.189148575,0.3,0.9,multiplicative,1.912286947
인천연안3_환경관리,염분[psu],3.424991365,0.7,0.8,multiplicative,28.49904452
인천연안3_환경관리,클로로필-a[μg/L],0.370928569,0.3,0.8,multiplicative,2.648042196
인천연안3_환경관리,총인[μg/L],1.028044778,0.7,0.9,multiplicative,63.50926155
인천연안3_환경관리,수온[℃],1.102244629,0.5,0.8,additive,15.43392261
인천연안3_환경관리,총질소[μg/L],0.783617524,0.7,0.9,multiplicative,738.0666591
인천연안3_환경관리,용존산소[mg/L],0.653781925,0.7,0.9,multiplicative,8.493072721
인천연안4_환경관리,투명도[m],0.802220945,0.3,0.8,multiplicative,0.988847105
인천연안4_환경관리,화학적산소요구량[mg/L],0.58070242,0.7,0.9,additive,2.006261564
인천연안4_환경관리,염분[psu],1.710386383,0.7,0.8,multiplicative,29.3439365
인천연안4_환경관리,클로로필-a[μg/L],0.570892458,0.7,0.8,multiplicative,2.948307735
인천연안4_환경관리,총인[μg/L],0.485008262,0.3,0.9,multiplicative,57.39027263
인천연안4_환경관리,수온[℃],1.118723273,0.5,0.9,additive,15.28320275
인천연안4_환경관리,총질소[μg/L],0.450609479,0.7,0.9,multiplicative,832.4586214
인천연안4_환경관리,용존산소[mg/L],0.75461114,0.7,0.9,multiplicative,8.660171183
인천연안5_환경관리,투명도[m],0.329552256,0.7,0.8,multiplicative,0.972767726
인천연안5_환경관리,화학적산소요구량[mg/L],0.45980632,0.7,0.9,additive,2.085530438
인천연안5_환경관리,염분[psu],1.946280577,0.7,0.8,multiplicative,29.87375577
인천연안5_환경관리,클로로필-a[μg/L],0.906835778,0.5,0.9,multiplicative,3.236419395
인천연안5_환경관리,총인[μg/L],0.43192938,0.5,0.8,multiplicative,68.48298635
인천연안5_환경관리,수온[℃],1.118838247,0.3,0.9,additive,15.1560775
인천연안5_환경관리,총질소[μg/L],0.659681164,0.5,0.9,additive,663.4186508
인천연안5_환경관리,용존산소[mg/L],0.930755325,0.7,0.8,multiplicative,8.951029119
인천연안6_환경관리,투명도[m],0.579322115,0.5,0.8,additive,1.612756868
인천연안6_환경관리,화학적산소요구량[mg/L],0.34177573,0.7,0.8,additive,1.899401613
인천연안6_환경관리,염분[psu],1.217199233,0.7,0.8,multiplicative,30.46655665
인천연안6_환경관리,클로로필-a[μg/L],0.793975255,0.5,0.9,multiplicative,4.55396006
인천연안6_환경관리,총인[μg/L],0.630899229,0.7,0.8,additive,51.47508604
인천연안6_환경관리,수온[℃],1.015285929,0.5,0.8,additive,14.95217373
인천연안6_환경관리,총질소[μg/L],0.495603485,0.7,0.9,multiplicative,574.5961519
인천연안6_환경관리,용존산소[mg/L],0.769468956,0.7,0.9,multiplicative,9.11147794
인천연안7_환경관리,투명도[m],0.539896569,0.5,0.8,multiplicative,1.164249312
인천연안7_환경관리,화학적산소요구량[mg/L],0.629189988,0.3,0.8,multiplicative,1.851588664
인천연안7_환경관리,염분[psu],1.38014337,0.7,0.8,multiplicative,29.83710267
인천연안7_환경관리,클로로필-a[μg/L],0.539451985,0.7,0.9,additive,4.008421176
인천연안7_환경관리,총인[μg/L],0.667529817,0.3,0.8,additive,73.34677216
인천연안7_환경관리,수온[℃],0.958492048,0.5,0.9,additive,14.98491216
인천연안7_환경관리,총질소[μg/L],0.383375092,0.5,0.9,additive,692.2304311
인천연안7_환경관리,용존산소[mg/L],0.757464782,0.7,0.9,multiplicative,8.97624058
인천연안8_환경관리,투명도[m],0.621216838,0.7,0.8,multiplicative,1.460967207
인천연안8_환경관리,화학적산소요구량[mg/L],0.156795547,0.5,0.8,multiplicative,2.223426956
인천연안8_환경관리,염분[psu],1.36126723,0.7,0.8,multiplicative,30.16555512
인천연안8_환경관리,클로로필-a[μg/L],0.940792806,0.7,0.9,multiplicative,2.126566177
인천연안8_환경관리,총인[μg/L],0.58506204,0.7,0.8,additive,64.77672435
인천연안8_환경관리,수온[℃],0.933465423,0.5,0.8,additive,15.04684771
인천연안8_환경관리,총질소[μg/L],0.633977527,0.3,0.9,multiplicative,491.9639165
인천연안8_환경관리,용존산소[mg/L],0.857178778,0.7,0.9,multiplicative,9.116627473
인천연안9_환경관리,투명도[m],0.534113929,0.3,0.9,additive,1.742872118
인천연안9_환경관리,화학적산소요구량[mg/L],0.877500428,0.7,0.9,additive,1.726359743
인천연안9_환경관리,염분[psu],1.204439775,0.5,0.8,multiplicative,30.46397045
인천연안9_환경관리,클로로필-a[μg/L],0.635931397,0.7,0.9,multiplicative,4.381149063
인천연안9_환경관리,총인[μg/L],0.595074057,0.7,0.9,multiplicative,62.02946242
인천연안9_환경관리,수온[℃],1.004008323,0.7,0.9,multiplicative,13.59874734
인천연안9_환경관리,총질소[μg/L],0.511025013,0.7,0.8,multiplicative,490.8604798
인천연안9_환경관리,용존산소[mg/L],0.792152407,0.7,0.8,multiplicative,9.34940729
전주포연안1_연안,투명도[m],0.788232187,0.5,0.8,additive,2.663532707
전주포연안1_연안,화학적산소요구량[mg/L],1.662466649,0.7,0.8,additive,1.861688636
전주포연안1_연안,염분[psu],3.073755186,0.3,0.9,multiplicative,31.16785618
전주포연안1_연안,클로로필-a[μg/L],0.967557365,0.3,0.9,additive,4.366074088
전주포연안1_연안,총인[μg/L],0.550848616,0.7,0.8,multiplicative,38.11015286
전주포연안1_연안,수온[℃],0.885774373,0.3,0.9,additive,15.14795417
전주포연안1_연안,총질소[μg/L],0.483996354,0.3,0.9,multiplicative,423.6173182
전주포연안1_연안,용존산소[mg/L],0.239970138,0.7,0.9,multiplicative,9.028857325
전주포연안2_연안,투명도[m],1.0724595,0.3,0.8,additive,2.651359861
전주포연안2_연안,화학적산소요구량[mg/L],1.448403597,0.7,0.9,multiplicative,1.092599043
전주포연안2_연안,염분[psu],2.992348756,0.7,0.9,multiplicative,31.35218721
전주포연안2_연안,클로로필-a[μg/L],0.539205505,0.5,0.9,additive,3.512909083
전주포연안2_연안,총인[μg/L],0.383343976,0.3,0.8,multiplicative,32.38150016
전주포연안2_연안,수온[℃],1.008349384,0.3,0.9,additive,15.04387071
전주포연안2_연안,총질소[μg/L],0.425522406,0.7,0.9,multiplicative,338.9013711
전주포연안2_연안,용존산소[mg/L],0.670981639,0.7,0.8,multiplicative,8.902230705
전주포연안3_연안,투명도[m],1.857291439,0.3,0.9,additive,3.416172139
전주포연안3_연안,화학적산소요구량[mg/L],1.223374546,0.7,0.8,additive,1.784856595
전주포연안3_연안,염분[psu],3.053821334,0.5,0.8,multiplicative,31.38212423
전주포연안3_연안,클로로필-a[μg/L],1.660538689,0.3,0.9,additive,3.114703495
전주포연안3_연안,총인[μg/L],0.382776496,0.3,0.8,multiplicative,33.46188483
전주포연안3_연안,수온[℃],0.891579418,0.3,0.9,additive,15.44660867
전주포연안3_연안,총질소[μg/L],0.502319047,0.7,0.9,multiplicative,348.325059
전주포연안3_연안,용존산소[mg/L],0.553333333,0.5,0.9,additive,9.272700773
전주포연안4_연안,투명도[m],0.957422719,0.7,0.8,multiplicative,1.214318472
전주포연안4_연안,화학적산소요구량[mg/L],1.155192032,0.7,0.8,multiplicative,2.003525578
전주포연안4_연안,염분[psu],4.286506974,0.3,0.8,multiplicative,31.08849937
전주포연안4_연안,클로로필-a[μg/L],0.910556535,0.7,0.9,multiplicative,12.68899955
전주포연안4_연안,총인[μg/L],0.361147666,0.3,0.8,multiplicative,37.76461495
전주포연안4_연안,수온[℃],0.827184074,0.3,0.8,additive,15.90365022
전주포연안4_연안,총질소[μg/L],0.507895563,0.3,0.9,multiplicative,386.6380395
전주포연안4_연안,용존산소[mg/L],0.152801837,0.3,0.9,multiplicative,9.18737734
전주포연안5_연안,투명도[m],1.444510368,0.7,0.8,multiplicative,1.23805696
전주포연안5_연안,화학적산소요구량[mg/L],0.809234224,0.3,0.8,additive,2.115863959
전주포연안5_연안,염분[psu],2.941134049,0.7,0.8,multiplicative,31.16115848
전주포연안5_연안,클로로필-a[μg/L],1.119738012,0.7,0.9,multiplicative,9.404555908
전주포연안5_연안,총인[μg/L],0.436833035,0.3,0.8,multiplicative,34.5154817
전주포연안5_연안,수온[℃],0.919874116,0.3,0.9,additive,15.7509989
전주포연안5_연안,총질소[μg/L],0.623477662,0.7,0.9,multiplicative,315.6193283
전주포연안5_연안,용존산소[mg/L],0.310052168,0.5,0.8,additive,9.29987568
전주포연안6_연안,투명도[m],2.302748044,0.3,0.9,multiplicative,2.020689812
전주포연안6_연안,화학적산소요구량[mg/L],0.721842008,0.7,0.9,additive,2.241275095
전주포연안6_연안,염분[psu],2.33048127,0.3,0.9,multiplicative,31.358949
전주포연안6_연안,클로로필-a[μg/L],2.062962777,0.3,0.8,additive,4.140480017
전주포연안6_연안,총인[μg/L],0.309670269,0.3,0.9,additive,25.49127576
전주포연안6_연안,수온[℃],0.922069236,0.7,0.9,multiplicative,14.75666049
전주포연안6_연안,총질소[μg/L],0.438598448,0.3,0.9,multiplicative,360.1765737
전주포연안6_연안,용존산소[mg/L],0.425877167,0.3,0.9,multiplicative,9.036471409
주문진연안1_연안,투명도[m],0.669292101,0.3,0.9,multiplicative,7.756590561
주문진연안1_연안,화학적산소요구량[mg/L],1.161072643,0.7,0.9,multiplicative,0.704875841
주문진연안1_연안,염분[psu],1.148669892,0.3,0.8,multiplicative,33.45062623
주문진연안1_연안,클로로필-a[μg/L],2.680921564,0.3,0.9,additive,1.198055263
주문진연안1_연안,총인[μg/L],0.388549646,0.3,0.8,multiplicative,15.7789843
주문진연안1_연안,수온[℃],0.50122425,0.7,0.8,additive,16.86360263
주문진연안1_연안,총질소[μg/L],0.801025883,0.7,0.8,multiplicative,176.4257743
주문진연안1_연안,용존산소[mg/L],0.452834914,0.7,0.9,multiplicative,8.967203694
주문진연안2_연안,투명도[m],0.681813611,0.7,0.9,additive,9.749406424
주문진연안2_연안,화학적산소요구량[mg/L],1.204236815,0.7,0.9,additive,0.919712891
주문진연안2_연안,염분[psu],0.86437965,0.3,0.8,multiplicative,33.53223666
주문진연안2_연안,클로로필-a[μg/L],3.334098491,0.7,0.9,multiplicative,0.50327891
주문진연안2_연안,총인[μg/L],0.31922567,0.3,0.8,multiplicative,16.39107561
주문진연안2_연안,수온[℃],0.485390869,0.7,0.9,additive,16.78963842
주문진연안2_연안,총질소[μg/L],0.619001132,0.7,0.8,multiplicative,158.0959814
주문진연안2_연안,용존산소[mg/L],0.550720939,0.3,0.9,multiplicative,8.846451127
주문진연안3_연안,투명도[m],1.044196922,0.3,0.9,multiplicative,9.380621223
주문진연안3_연안,화학적산소요구량[mg/L],1.140089257,0.5,0.9,multiplicative,1.003899154
주문진연안3_연안,염분[psu],1.106857559,0.7,0.8,multiplicative,33.67666068
주문진연안3_연안,클로로필-a[μg/L],3.694636252,0.7,0.9,multiplicative,0.105164025
주문진연안3_연안,총인[μg/L],0.351234515,0.3,0.8,multiplicative,17.53623665
주문진연안3_연안,수온[℃],0.546808216,0.7,0.9,additive,16.7415305
주문진연안3_연안,총질소[μg/L],0.840666669,0.7,0.8,multiplicative,151.6689983
주문진연안3_연안,용존산소[mg/L],0.363737884,0.7,0.8,multiplicative,8.80176149
주문진연안4_연안,투명도[m],0.826833185,0.3,0.9,additive,10.69107971
주문진연안4_연안,화학적산소요구량[mg/L],0.842824399,0.3,0.9,multiplicative,1.165573835
주문진연안4_연안,염분[psu],1.167719418,0.3,0.9,multiplicative,33.64361818
주문진연안4_연안,클로로필-a[μg/L],1.895997686,0.7,0.9,additive,0.43398325
주문진연안4_연안,총인[μg/L],0.410120838,0.7,0.8,multiplicative,15.71176567
주문진연안4_연안,수온[℃],0.516578887,0.7,0.8,additive,17.41088354
주문진연안4_연안,총질소[μg/L],0.64649299,0.3,0.9,multiplicative,149.5640926
주문진연안4_연안,용존산소[mg/L],0.491475054,0.7,0.8,multiplicative,8.659423105
주문진연안5_연안,투명도[m],1.014177806,0.3,0.8,additive,10.58238867
주문진연안5_연안,화학적산소요구량[mg/L],0.919047651,0.7,0.8,additive,1.10292718
주문진연안5_연안,염분[psu],1.172335694,0.3,0.9,multiplicative,33.36552893
주문진연안5_연안,클로로필-a[μg/L],3.536171371,0.7,0.9,multiplicative,0.961108605
주문진연안5_연안,총인[μg/L],0.486076603,0.3,0.8,multiplicative,16.01781724
주문진연안5_연안,수온[℃],0.463394189,0.7,0.9,additive,17.1544973
주문진연안5_연안,총질소[μg/L],0.901512314,0.7,0.9,multiplicative,174.2170376
주문진연안5_연안,용존산소[mg/L],0.470299112,0.5,0.8,additive,8.897198827
죽변연안1_연안,투명도[m],0.485910329,0.7,0.9,multiplicative,8.859496617
죽변연안1_연안,화학적산소요구량[mg/L],0.404333373,0.3,0.8,additive,1.275227482
죽변연안1_연안,염분[psu],1.547270182,0.7,0.8,multiplicative,33.71794674
죽변연안1_연안,클로로필-a[μg/L],2.476703635,0.7,0.9,additive,1.3103527
죽변연안1_연안,총인[μg/L],1.917964158,0.3,0.9,additive,13.10802709
죽변연안1_연안,수온[℃],0.595520155,0.3,0.9,multiplicative,15.76180835
죽변연안1_연안,총질소[μg/L],0.736086297,0.7,0.8,multiplicative,117.1008076
죽변연안1_연안,용존산소[mg/L],0.405857076,0.3,0.8,additive,9.234581872
죽변연안2_연안,투명도[m],0.575215972,0.3,0.8,multiplicative,9.753736727
죽변연안2_연안,화학적산소요구량[mg/L],0.597117094,0.5,0.8,multiplicative,1.386326782
죽변연안2_연안,염분[psu],2.721636488,0.7,0.8,multiplicative,33.76274347
죽변연안2_연안,클로로필-a[μg/L],1.728554553,0.5,0.9,multiplicative,0.275125278
죽변연안2_연안,총인[μg/L],0.488467906,0.7,0.9,multiplicative,15.56123076
죽변연안2_연안,수온[℃],0.634266171,0.5,0.9,additive,16.86314899
죽변연안2_연안,총질소[μg/L],0.795536762,0.7,0.9,multiplicative,143.6452166
죽변연안2_연안,용존산소[mg/L],0.829629122,0.7,0.9,additive,9.362092481
죽변연안3_연안,투명도[m],0.891966819,0.7,0.8,multiplicative,9.734575684
죽변연안3_연안,화학적산소요구량[mg/L],0.788237259,0.7,0.8,additive,1.346169446
죽변연안3_연안,염분[psu],1.263539242,0.7,0.9,multiplicative,33.87142845
죽변연안3_연안,클로로필-a[μg/L],0.922038839,0.3,0.8,multiplicative,1.242276177
죽변연안3_연안,총인[μg/L],0.366614333,0.7,0.8,multiplicative,16.42663358
죽변연안3_연안,수온[℃],0.550749807,0.7,0.9,multiplicative,15.5457177
죽변연안3_연안,총질소[μg/L],0.65751706,0.7,0.9,multiplicative,128.6518483
죽변연안3_연안,용존산소[mg/L],0.524471914,0.3,0.8,additive,8.964904018
죽변연안4_연안,투명도[m],0.835269474,0.3,0.8,additive,9.407731896
죽변연안4_연안,화학적산소요구량[mg/L],0.442849618,0.7,0.8,additive,1.423349713
죽변연안4_연안,염분[psu],1.570056628,0.5,0.8,multiplicative,33.61793085
죽변연안4_연안,클로로필-a[μg/L],1.726981112,0.3,0.9,multiplicative,1.31528887
죽변연안4_연안,총인[μg/L],0.295359369,0.3,0.9,multiplicative,16.2776421
죽변연안4_연안,수온[℃],0.495348666,0.5,0.9,multiplicative,15.43051891
죽변연안4_연안,총질소[μg/L],0.304627315,0.7,0.9,multiplicative,179.6349474
죽변연안4_연안,용존산소[mg/L],0.584276927,0.3,0.9,multiplicative,8.955501985
진주만1_연안,투명도[m],0.807401179,0.5,0.8,multiplicative,2.324509831
진주만1_연안,화학적산소요구량[mg/L],1.2427697,0.3,0.8,multiplicative,1.466011668
진주만1_연안,염분[psu],3.540411265,0.7,0.9,additive,33.23642265
진주만1_연안,클로로필-a[μg/L],2.63565639,0.5,0.9,multiplicative,3.197285841
진주만1_연안,총인[μg/L],0.214540732,0.3,0.9,multiplicative,35.75592571
진주만1_연안,수온[℃],0.838603478,0.7,0.9,multiplicative,16.82033422
진주만1_연안,총질소[μg/L],0.628259864,0.7,0.8,additive,177.2077045
진주만1_연안,용존산소[mg/L],0.285617553,0.7,0.9,multiplicative,8.346976938
진주만2_연안,투명도[m],0.507068448,0.3,0.8,multiplicative,1.997682884
진주만2_연안,화학적산소요구량[mg/L],0.720917569,0.3,0.9,multiplicative,3.056048089
진주만2_연안,염분[psu],3.930673318,0.7,0.8,multiplicative,31.71406976
진주만2_연안,클로로필-a[μg/L],3.106297891,0.3,0.9,additive,2.280418703
진주만2_연안,총인[μg/L],0.34287401,0.3,0.9,multiplicative,38.80310173
진주만2_연안,수온[℃],0.833518258,0.7,0.9,multiplicative,17.12833669
진주만2_연안,총질소[μg/L],0.270096431,0.7,0.9,multiplicative,226.2203636
진주만2_연안,용존산소[mg/L],0.535433752,0.5,0.9,multiplicative,8.452579458
진해만1_환경관리,투명도[m],0.65356555,0.3,0.8,additive,3.776688064
진해만1_환경관리,화학적산소요구량[mg/L],1.297341826,0.7,0.8,additive,1.632152202
진해만1_환경관리,염분[psu],0.68148177,0.3,0.9,multiplicative,32.59833225
진해만1_환경관리,클로로필-a[μg/L],0.557246777,0.3,0.8,multiplicative,2.660072565
진해만1_환경관리,총인[μg/L],0.512244132,0.3,0.9,multiplicative,23.58037682
진해만1_환경관리,수온[℃],0.948267832,0.3,0.8,additive,17.25005494
진해만1_환경관리,총질소[μg/L],0.892426599,0.3,0.9,additive,164.2330492
진해만1_환경관리,용존산소[mg/L],0.440441066,0.7,0.9,multiplicative,9.675915488
진해만2_환경관리,투명도[m],0.570295871,0.3,0.9,additive,3.45596773
진해만2_환경관리,화학적산소요구량[mg/L],1.273948031,0.7,0.9,multiplicative,1.20197239
진해만2_환경관리,염분[psu],3.124262511,0.7,0.9,multiplicative,32.4271103
진해만2_환경관리,클로로필-a[μg/L],0.896701054,0.7,0.9,multiplicative,8.512362182
진해만2_환경관리,총인[μg/L],0.193908014,0.7,0.9,multiplicative,40.33130506
진해만2_환경관리,수온[℃],1.008888959,0.7,0.9,additive,16.89697787
진해만2_환경관리,총질소[μg/L],0.408897315,0.3,0.9,multiplicative,397.2944266
진해만2_환경관리,용존산소[mg/L],0.603055233,0.7,0.9,multiplicative,7.900297734
축산연안1_연안,투명도[m],0.931097666,0.5,0.8,multiplicative,9.698654158
축산연안1_연안,화학적산소요구량[mg/L],0.930826195,0.7,0.8,additive,1.265642823
축산연안1_연안,염분[psu],0.438222833,0.3,0.8,additive,33.7568157
축산연안1_연안,클로로필-a[μg/L],0.39172125,0.7,0.9,additive,1.65548898
축산연안1_연안,총인[μg/L],0.354508684,0.3,0.9,multiplicative,14.31664958
축산연안1_연안,수온[℃],0.73060012,0.7,0.8,additive,18.45735968
축산연안1_연안,총질소[μg/L],0.529962004,0.3,0.9,multiplicative,149.5019453
축산연안1_연안,용존산소[mg/L],1.113133362,0.3,0.8,multiplicative,8.64964395
태안연안1_연안,투명도[m],0.389723755,0.5,0.9,additive,3.472694399
태안연안1_연안,화학적산소요구량[mg/L],0.631324932,0.7,0.8,additive,1.528212213
태안연안1_연안,염분[psu],1.323244202,0.3,0.8,multiplicative,31.5988732
태안연안1_연안,클로로필-a[μg/L],0.489745733,0.7,0.8,multiplicative,1.606807054
태안연안1_연안,총인[μg/L],0.458082794,0.3,0.8,multiplicative,32.25764401
태안연안1_연안,수온[℃],0.676480082,0.3,0.9,additive,13.21738851
태안연안1_연안,총질소[μg/L],0.674379497,0.3,0.9,multiplicative,216.464865
태안연안1_연안,용존산소[mg/L],0.437598975,0.7,0.8,multiplicative,9.181773065
태안연안2_연안,투명도[m],0.950486436,0.3,0.9,additive,2.641443427
태안연안2_연안,화학적산소요구량[mg/L],0.185004023,0.7,0.9,additive,1.524392387
태안연안2_연안,염분[psu],1.483587489,0.7,0.8,multiplicative,31.66709667
태안연안2_연안,클로로필-a[μg/L],0.987660168,0.3,0.9,additive,1.920951037
태안연안2_연안,총인[μg/L],0.67136203,0.3,0.9,multiplicative,25.75146946
태안연안2_연안,수온[℃],0.674105199,0.5,0.9,additive,13.28952874
태안연안2_연안,총질소[μg/L],0.614547438,0.7,0.9,multiplicative,259.4900173
태안연안2_연안,용존산소[mg/L],0.401974831,0.7,0.8,multiplicative,9.015066364
태안연안3_연안,투명도[m],0.645335738,0.7,0.8,multiplicative,2.536277973
태안연안3_연안,화학적산소요구량[mg/L],0.120656267,0.7,0.8,additive,1.695122387
태안연안3_연안,염분[psu],3.358738585,0.7,0.9,multiplicative,31.7965374
태안연안3_연안,클로로필-a[μg/L],0.904064709,0.3,0.8,additive,2.235998311
태안연안3_연안,총인[μg/L],0.729057218,0.3,0.9,multiplicative,27.72372944
태안연안3_연안,수온[℃],1.058965272,0.7,0.9,multiplicative,14.25815806
태안연안3_연안,총질소[μg/L],0.413217391,0.7,0.8,multiplicative,211.4514223
태안연안3_연안,용존산소[mg/L],0.518476109,0.7,0.8,multiplicative,9.217677406
태안연안4_연안,투명도[m],1.036020642,0.3,0.8,additive,3.281051982
태안연안4_연안,화학적산소요구량[mg/L],0.310872375,0.7,0.9,additive,1.795732915
태안연안4_연안,염분[psu],3.230973515,0.7,0.9,multiplicative,31.6095347
태안연안4_연안,클로로필-a[μg/L],1.180733265,0.7,0.8,additive,2.180966476
태안연안4_연안,총인[μg/L],0.549272033,0.3,0.8,multiplicative,32.19230146
태안연안4_연안,수온[℃],1.080570216,0.3,0.9,additive,14.82611319
태안연안4_연안,총질소[μg/L],0.524078511,0.7,0.8,multiplicative,239.3745563
태안연안4_연안,용존산소[mg/L],0.592437946,0.7,0.8,multiplicative,8.823799513
태안연안5_연안,투명도[m],0.548586503,0.7,0.8,multiplicative,1.891601421
태안연안5_연안,화학적산소요구량[mg/L],0.854784715,0.7,0.9,additive,1.736015826
태안연안5_연안,염분[psu],3.712172893,0.3,0.9,multiplicative,31.854292
태안연안5_연안,클로로필-a[μg/L],0.054684595,0.3,0.8,multiplicative,3.468768686
태안연안5_연안,총인[μg/L],0.519494035,0.5,0.8,multiplicative,24.1999899
태안연안5_연안,수온[℃],1.012038537,0.3,0.9,additive,14.08649854
태안연안5_연안,총질소[μg/L],0.497794418,0.7,0.8,multiplicative,196.8019245
태안연안5_연안,용존산소[mg/L],0.468054957,0.7,0.8,multiplicative,9.270478983
통영연안1_연안,투명도[m],0.673330504,0.7,0.8,additive,3.126701362
통영연안1_연안,화학적산소요구량[mg/L],0.579596868,0.7,0.9,additive,1.383316825
통영연안1_연안,염분[psu],0.970325974,0.7,0.9,multiplicative,32.67895913
통영연안1_연안,클로로필-a[μg/L],0.899083266,0.7,0.8,multiplicative,3.534603624
통영연안1_연안,총인[μg/L],0.347788992,0.3,0.9,multiplicative,33.33206768
통영연안1_연안,수온[℃],0.962988713,0.7,0.9,additive,17.62316559
통영연안1_연안,총질소[μg/L],0.610161495,0.7,0.8,multiplicative,226.0095505
통영연안1_연안,용존산소[mg/L],0.512908926,0.7,0.9,multiplicative,8.331552236
통영연안2_연안,투명도[m],0.685830702,0.3,0.8,additive,3.615921383
통영연안2_연안,화학적산소요구량[mg/L],1.190686022,0.7,0.9,additive,1.354457269
통영연안2_연안,염분[psu],1.364346363,0.3,0.9,multiplicative,32.8956291
통영연안2_연안,클로로필-a[μg/L],0.270491781,0.5,0.8,multiplicative,3.412796675
통영연안2_연안,총인[μg/L],0.301602238,0.7,0.8,multiplicative,24.41951769
통영연안2_연안,수온[℃],0.904801174,0.7,0.8,additive,18.12672195
통영연안2_연안,총질소[μg/L],0.900541448,0.3,0.9,multiplicative,162.5513146
통영연안2_연안,용존산소[mg/L],0.691829572,0.7,0.8,additive,8.713584659
통영연안4_연안,투명도[m],0.587711159,0.7,0.8,multiplicative,5.977697842
통영연안4_연안,화학적산소요구량[mg/L],0.669597456,0.5,0.9,multiplicative,1.023152819
통영연안4_연안,염분[psu],1.574591322,0.3,0.9,additive,33.26864429
통영연안4_연안,클로로필-a[μg/L],0.354913118,0.3,0.9,multiplicative,1.4000648
통영연안4_연안,총인[μg/L],0.420644227,0.7,0.9,multiplicative,22.94895501
통영연안4_연안,수온[℃],0.778200988,0.7,0.9,multiplicative,17.33346051
통영연안4_연안,총질소[μg/L],0.447479364,0.7,0.8,additive,196.2483261
통영연안4_연안,용존산소[mg/L],0.371716224,0.7,0.8,multiplicative,8.74465105
함평연안1_환경관리,투명도[m],0.340713301,0.3,0.8,multiplicative,0.556225613
함평연안1_환경관리,화학적산소요구량[mg/L],0.496784283,0.3,0.8,multiplicative,2.071903864
함평연안1_환경관리,염분[psu],2.549140918,0.3,0.9,multiplicative,31.72383766
함평연안1_환경관리,클로로필-a[μg/L],0.778326986,0.3,0.9,additive,1.377055855
함평연안1_환경관리,총인[μg/L],0.407770546,0.3,0.9,multiplicative,53.18318486
함평연안1_환경관리,수온[℃],0.916202519,0.7,0.9,multiplicative,15.52431995
함평연안1_환경관리,총질소[μg/L],0.65728399,0.7,0.9,multiplicative,347.0435035
함평연안1_환경관리,용존산소[mg/L],0.301688401,0.3,0.9,additive,8.719374315
함평연안2_환경관리,투명도[m],0.539515761,0.7,0.8,multiplicative,0.694940382
함평연안2_환경관리,화학적산소요구량[mg/L],0.771315571,0.7,0.8,additive,1.764384439
함평연안2_환경관리,염분[psu],2.560793286,0.5,0.9,multiplicative,31.83092798
함평연안2_환경관리,클로로필-a[μg/L],0.654376254,0.7,0.9,multiplicative,2.719142154
함평연안2_환경관리,총인[μg/L],0.339364468,0.3,0.9,multiplicative,47.06884444
함평연안2_환경관리,수온[℃],0.920322272,0.7,0.9,multiplicative,15.42466083
함평연안2_환경관리,총질소[μg/L],0.667642532,0.7,0.9,multiplicative,333.2464873
함평연안2_환경관리,용존산소[mg/L],0.229127804,0.3,0.8,additive,9.067543392
해남만1_연안,투명도[m],1.162316536,0.3,0.9,additive,2.700411642
해남만1_연안,화학적산소요구량[mg/L],0.360154478,0.3,0.9,additive,1.79624664
해남만1_연안,염분[psu],1.887897177,0.3,0.8,multiplicative,31.01927413
해남만1_연안,클로로필-a[μg/L],0.357080492,0.7,0.8,multiplicative,-0.769853802
해남만1_연안,총인[μg/L],0.726311911,0.7,0.9,additive,20.23468759
해남만1_연안,수온[℃],0.933817522,0.7,0.9,multiplicative,15.60208228
해남만1_연안,총질소[μg/L],0.688200032,0.3,0.9,multiplicative,207.5577887
해남만1_연안,용존산소[mg/L],0.405478285,0.7,0.9,additive,9.999832807
행암만1_환경관리,투명도[m],1.420842227,0.3,0.9,additive,3.457401955
행암만1_환경관리,화학적산소요구량[mg/L],2.270250336,0.7,0.9,additive,2.051988945
행암만1_환경관리,염분[psu],2.59836236,0.3,0.9,multiplicative,32.33063979
행암만1_환경관리,클로로필-a[μg/L],1.338910637,0.3,0.8,multiplicative,7.168320423
행암만1_환경관리,총인[μg/L],0.305348788,0.7,0.8,multiplicative,36.72459437
행암만1_환경관리,수온[℃],1.034817572,0.7,0.8,additive,17.76680447
행암만1_환경관리,총질소[μg/L],0.6205555,0.3,0.8,multiplicative,190.3445448
행암만1_환경관리,용존산소[mg/L],0.379864115,0.7,0.9,multiplicative,11.10370859
후포연안1_연안,투명도[m],1.005178286,0.3,0.8,multiplicative,10.1319746
후포연안1_연안,화학적산소요구량[mg/L],0.408144105,0.7,0.9,additive,1.305945859
후포연안1_연안,염분[psu],1.14185884,0.3,0.8,additive,33.70697259
후포연안1_연안,클로로필-a[μg/L],0.080194367,0.7,0.9,multiplicative,0.665268088
후포연안1_연안,총인[μg/L],0.635490096,0.7,0.9,multiplicative,13.82554002
후포연안1_연안,수온[℃],0.591710517,0.5,0.9,additive,18.64675673
후포연안1_연안,총질소[μg/L],0.511766191,0.3,0.9,additive,134.0909811
후포연안1_연안,용존산소[mg/L],0.79128765,0.5,0.9,multiplicative,8.723155049
